Category,Condition_Number,word,word_number,epoch,participant
manmade,10,refrigerator,3,1,1
building,4,barn,2,1,1
manmade,10,bell,1,1,1
manmade,10,key,2,1,1
buildpart,5,window,5,1,1
tool,11,screwdriver,5,1,1
building,4,church,3,1,1
furniture,7,desk,3,1,1
animal,2,cow,3,1,1
kitchen,9,knife,4,1,1
vehicle,13,train,4,1,1
insect,8,beetle,3,1,1
vegetable,12,tomato,5,1,1
bodypart,3,foot,3,1,1
bodypart,3,eye,2,1,1
furniture,7,dresser,4,1,1
kitchen,9,spoon,5,1,1
vehicle,13,truck,5,1,1
building,4,apartment,1,1,1
clothing,6,pants,3,1,1
insect,8,ant,1,1,1
tool,11,saw,4,1,1
clothing,6,coat,1,1,1
buildpart,5,closet,3,1,1
clothing,6,dress,2,1,1
building,4,igloo,5,1,1
clothing,6,skirt,5,1,1
vegetable,12,corn,3,1,1
vehicle,13,airplane,1,1,1
vehicle,13,car,3,1,1
animal,2,bear,1,1,1
vegetable,12,celery,2,1,1
insect,8,butterfly,4,1,1
clothing,6,shirt,4,1,1
bodypart,3,arm,1,1,1
buildpart,5,arch,1,1,1
tool,11,pliers,3,1,1
kitchen,9,glass,3,1,1
building,4,house,4,1,1
kitchen,9,cup,2,1,1
animal,2,horse,5,1,1
kitchen,9,bottle,1,1,1
tool,11,chisel,1,1,1
animal,2,cat,2,1,1
insect,8,bee,2,1,1
vegetable,12,lettuce,4,1,1
vehicle,13,bicycle,2,1,1
bodypart,3,hand,4,1,1
furniture,7,chair,2,1,1
tool,11,hammer,2,1,1
buildpart,5,door,4,1,1
bodypart,3,leg,5,1,1
vegetable,12,carrot,1,1,1
manmade,10,watch,5,1,1
furniture,7,table,5,1,1
buildpart,5,chimney,2,1,1
furniture,7,bed,1,1,1
insect,8,fly,5,1,1
animal,2,dog,4,1,1
manmade,10,telephone,4,1,1
vehicle,13,train,4,2,1
bodypart,3,hand,4,2,1
animal,2,cat,2,2,1
vehicle,13,car,3,2,1
insect,8,beetle,3,2,1
tool,11,saw,4,2,1
animal,2,dog,4,2,1
bodypart,3,arm,1,2,1
kitchen,9,bottle,1,2,1
tool,11,hammer,2,2,1
kitchen,9,spoon,5,2,1
building,4,barn,2,2,1
manmade,10,key,2,2,1
building,4,igloo,5,2,1
building,4,apartment,1,2,1
tool,11,chisel,1,2,1
buildpart,5,window,5,2,1
buildpart,5,arch,1,2,1
clothing,6,coat,1,2,1
animal,2,cow,3,2,1
manmade,10,telephone,4,2,1
kitchen,9,cup,2,2,1
clothing,6,shirt,4,2,1
vegetable,12,carrot,1,2,1
vegetable,12,corn,3,2,1
furniture,7,desk,3,2,1
insect,8,butterfly,4,2,1
clothing,6,pants,3,2,1
bodypart,3,leg,5,2,1
furniture,7,chair,2,2,1
manmade,10,bell,1,2,1
tool,11,pliers,3,2,1
building,4,church,3,2,1
buildpart,5,chimney,2,2,1
buildpart,5,door,4,2,1
animal,2,bear,1,2,1
clothing,6,skirt,5,2,1
insect,8,ant,1,2,1
animal,2,horse,5,2,1
tool,11,screwdriver,5,2,1
furniture,7,table,5,2,1
insect,8,bee,2,2,1
clothing,6,dress,2,2,1
furniture,7,bed,1,2,1
furniture,7,dresser,4,2,1
vehicle,13,truck,5,2,1
insect,8,fly,5,2,1
bodypart,3,foot,3,2,1
building,4,house,4,2,1
kitchen,9,glass,3,2,1
vegetable,12,celery,2,2,1
buildpart,5,closet,3,2,1
vehicle,13,airplane,1,2,1
manmade,10,refrigerator,3,2,1
bodypart,3,eye,2,2,1
vegetable,12,tomato,5,2,1
kitchen,9,knife,4,2,1
manmade,10,watch,5,2,1
vehicle,13,bicycle,2,2,1
vegetable,12,lettuce,4,2,1
clothing,6,dress,2,3,1
animal,2,bear,1,3,1
vehicle,13,bicycle,2,3,1
animal,2,horse,5,3,1
tool,11,saw,4,3,1
buildpart,5,door,4,3,1
clothing,6,shirt,4,3,1
animal,2,cow,3,3,1
kitchen,9,knife,4,3,1
vehicle,13,truck,5,3,1
furniture,7,chair,2,3,1
insect,8,butterfly,4,3,1
building,4,house,4,3,1
bodypart,3,arm,1,3,1
bodypart,3,leg,5,3,1
manmade,10,key,2,3,1
manmade,10,refrigerator,3,3,1
kitchen,9,spoon,5,3,1
building,4,apartment,1,3,1
kitchen,9,bottle,1,3,1
manmade,10,watch,5,3,1
furniture,7,table,5,3,1
insect,8,bee,2,3,1
vegetable,12,lettuce,4,3,1
building,4,church,3,3,1
vehicle,13,airplane,1,3,1
insect,8,fly,5,3,1
tool,11,screwdriver,5,3,1
furniture,7,dresser,4,3,1
buildpart,5,window,5,3,1
vegetable,12,carrot,1,3,1
vehicle,13,car,3,3,1
bodypart,3,foot,3,3,1
buildpart,5,chimney,2,3,1
vegetable,12,celery,2,3,1
buildpart,5,closet,3,3,1
animal,2,cat,2,3,1
tool,11,chisel,1,3,1
tool,11,hammer,2,3,1
insect,8,beetle,3,3,1
clothing,6,skirt,5,3,1
building,4,barn,2,3,1
kitchen,9,cup,2,3,1
clothing,6,pants,3,3,1
furniture,7,bed,1,3,1
animal,2,dog,4,3,1
insect,8,ant,1,3,1
vehicle,13,train,4,3,1
buildpart,5,arch,1,3,1
furniture,7,desk,3,3,1
bodypart,3,hand,4,3,1
vegetable,12,corn,3,3,1
manmade,10,bell,1,3,1
vegetable,12,tomato,5,3,1
building,4,igloo,5,3,1
bodypart,3,eye,2,3,1
manmade,10,telephone,4,3,1
kitchen,9,glass,3,3,1
tool,11,pliers,3,3,1
clothing,6,coat,1,3,1
vehicle,13,airplane,1,4,1
clothing,6,pants,3,4,1
buildpart,5,closet,3,4,1
tool,11,screwdriver,5,4,1
furniture,7,dresser,4,4,1
manmade,10,refrigerator,3,4,1
manmade,10,telephone,4,4,1
vegetable,12,lettuce,4,4,1
building,4,barn,2,4,1
furniture,7,table,5,4,1
buildpart,5,window,5,4,1
manmade,10,key,2,4,1
bodypart,3,arm,1,4,1
vehicle,13,bicycle,2,4,1
furniture,7,chair,2,4,1
tool,11,hammer,2,4,1
kitchen,9,spoon,5,4,1
building,4,igloo,5,4,1
animal,2,horse,5,4,1
insect,8,beetle,3,4,1
clothing,6,coat,1,4,1
kitchen,9,cup,2,4,1
vegetable,12,corn,3,4,1
kitchen,9,bottle,1,4,1
building,4,apartment,1,4,1
building,4,church,3,4,1
manmade,10,bell,1,4,1
insect,8,ant,1,4,1
insect,8,butterfly,4,4,1
clothing,6,dress,2,4,1
vehicle,13,car,3,4,1
bodypart,3,hand,4,4,1
vegetable,12,tomato,5,4,1
kitchen,9,knife,4,4,1
furniture,7,bed,1,4,1
manmade,10,watch,5,4,1
tool,11,saw,4,4,1
bodypart,3,eye,2,4,1
insect,8,bee,2,4,1
kitchen,9,glass,3,4,1
bodypart,3,foot,3,4,1
buildpart,5,arch,1,4,1
buildpart,5,door,4,4,1
animal,2,cow,3,4,1
building,4,house,4,4,1
insect,8,fly,5,4,1
animal,2,bear,1,4,1
vegetable,12,celery,2,4,1
vegetable,12,carrot,1,4,1
vehicle,13,truck,5,4,1
animal,2,cat,2,4,1
buildpart,5,chimney,2,4,1
furniture,7,desk,3,4,1
clothing,6,skirt,5,4,1
vehicle,13,train,4,4,1
animal,2,dog,4,4,1
tool,11,chisel,1,4,1
bodypart,3,leg,5,4,1
tool,11,pliers,3,4,1
clothing,6,shirt,4,4,1
clothing,6,coat,1,5,1
animal,2,cat,2,5,1
bodypart,3,leg,5,5,1
animal,2,dog,4,5,1
bodypart,3,arm,1,5,1
clothing,6,skirt,5,5,1
building,4,church,3,5,1
vegetable,12,corn,3,5,1
furniture,7,table,5,5,1
animal,2,bear,1,5,1
tool,11,hammer,2,5,1
manmade,10,refrigerator,3,5,1
vegetable,12,lettuce,4,5,1
furniture,7,bed,1,5,1
bodypart,3,hand,4,5,1
vegetable,12,carrot,1,5,1
manmade,10,watch,5,5,1
buildpart,5,closet,3,5,1
vehicle,13,car,3,5,1
manmade,10,bell,1,5,1
building,4,igloo,5,5,1
vegetable,12,tomato,5,5,1
buildpart,5,door,4,5,1
tool,11,screwdriver,5,5,1
bodypart,3,foot,3,5,1
kitchen,9,glass,3,5,1
bodypart,3,eye,2,5,1
insect,8,ant,1,5,1
furniture,7,desk,3,5,1
furniture,7,dresser,4,5,1
animal,2,horse,5,5,1
insect,8,butterfly,4,5,1
animal,2,cow,3,5,1
kitchen,9,knife,4,5,1
vehicle,13,train,4,5,1
manmade,10,key,2,5,1
tool,11,chisel,1,5,1
kitchen,9,spoon,5,5,1
furniture,7,chair,2,5,1
buildpart,5,arch,1,5,1
vegetable,12,celery,2,5,1
vehicle,13,truck,5,5,1
building,4,house,4,5,1
kitchen,9,bottle,1,5,1
vehicle,13,bicycle,2,5,1
buildpart,5,chimney,2,5,1
insect,8,bee,2,5,1
vehicle,13,airplane,1,5,1
building,4,apartment,1,5,1
clothing,6,dress,2,5,1
tool,11,pliers,3,5,1
buildpart,5,window,5,5,1
kitchen,9,cup,2,5,1
clothing,6,pants,3,5,1
insect,8,beetle,3,5,1
manmade,10,telephone,4,5,1
building,4,barn,2,5,1
clothing,6,shirt,4,5,1
insect,8,fly,5,5,1
tool,11,saw,4,5,1
insect,8,beetle,3,6,1
kitchen,9,bottle,1,6,1
animal,2,horse,5,6,1
buildpart,5,window,5,6,1
clothing,6,shirt,4,6,1
kitchen,9,cup,2,6,1
vegetable,12,lettuce,4,6,1
kitchen,9,knife,4,6,1
insect,8,fly,5,6,1
clothing,6,pants,3,6,1
animal,2,cat,2,6,1
furniture,7,dresser,4,6,1
building,4,barn,2,6,1
building,4,church,3,6,1
furniture,7,table,5,6,1
bodypart,3,foot,3,6,1
furniture,7,desk,3,6,1
manmade,10,key,2,6,1
buildpart,5,door,4,6,1
vehicle,13,train,4,6,1
insect,8,bee,2,6,1
manmade,10,refrigerator,3,6,1
vehicle,13,truck,5,6,1
tool,11,hammer,2,6,1
vegetable,12,tomato,5,6,1
clothing,6,dress,2,6,1
insect,8,butterfly,4,6,1
animal,2,bear,1,6,1
vehicle,13,car,3,6,1
vegetable,12,celery,2,6,1
clothing,6,coat,1,6,1
kitchen,9,glass,3,6,1
vegetable,12,corn,3,6,1
furniture,7,chair,2,6,1
furniture,7,bed,1,6,1
clothing,6,skirt,5,6,1
insect,8,ant,1,6,1
vegetable,12,carrot,1,6,1
buildpart,5,chimney,2,6,1
tool,11,chisel,1,6,1
building,4,apartment,1,6,1
bodypart,3,leg,5,6,1
manmade,10,bell,1,6,1
bodypart,3,hand,4,6,1
tool,11,pliers,3,6,1
bodypart,3,eye,2,6,1
animal,2,dog,4,6,1
bodypart,3,arm,1,6,1
building,4,igloo,5,6,1
kitchen,9,spoon,5,6,1
manmade,10,telephone,4,6,1
tool,11,screwdriver,5,6,1
vehicle,13,airplane,1,6,1
manmade,10,watch,5,6,1
buildpart,5,arch,1,6,1
buildpart,5,closet,3,6,1
building,4,house,4,6,1
animal,2,cow,3,6,1
tool,11,saw,4,6,1
vehicle,13,bicycle,2,6,1
manmade,10,refrigerator,3,1,2
building,4,barn,2,1,2
manmade,10,bell,1,1,2
manmade,10,key,2,1,2
buildpart,5,window,5,1,2
tool,11,screwdriver,5,1,2
building,4,church,3,1,2
furniture,7,desk,3,1,2
animal,2,cow,3,1,2
kitchen,9,knife,4,1,2
vehicle,13,train,4,1,2
insect,8,beetle,3,1,2
vegetable,12,tomato,5,1,2
bodypart,3,foot,3,1,2
bodypart,3,eye,2,1,2
furniture,7,dresser,4,1,2
kitchen,9,spoon,5,1,2
vehicle,13,truck,5,1,2
building,4,apartment,1,1,2
clothing,6,pants,3,1,2
insect,8,ant,1,1,2
tool,11,saw,4,1,2
clothing,6,coat,1,1,2
buildpart,5,closet,3,1,2
clothing,6,dress,2,1,2
building,4,igloo,5,1,2
clothing,6,skirt,5,1,2
vegetable,12,corn,3,1,2
vehicle,13,airplane,1,1,2
vehicle,13,car,3,1,2
animal,2,bear,1,1,2
vegetable,12,celery,2,1,2
insect,8,butterfly,4,1,2
clothing,6,shirt,4,1,2
bodypart,3,arm,1,1,2
buildpart,5,arch,1,1,2
tool,11,pliers,3,1,2
kitchen,9,glass,3,1,2
building,4,house,4,1,2
kitchen,9,cup,2,1,2
animal,2,horse,5,1,2
kitchen,9,bottle,1,1,2
tool,11,chisel,1,1,2
animal,2,cat,2,1,2
insect,8,bee,2,1,2
vegetable,12,lettuce,4,1,2
vehicle,13,bicycle,2,1,2
bodypart,3,hand,4,1,2
furniture,7,chair,2,1,2
tool,11,hammer,2,1,2
buildpart,5,door,4,1,2
bodypart,3,leg,5,1,2
vegetable,12,carrot,1,1,2
manmade,10,watch,5,1,2
furniture,7,table,5,1,2
buildpart,5,chimney,2,1,2
furniture,7,bed,1,1,2
insect,8,fly,5,1,2
animal,2,dog,4,1,2
manmade,10,telephone,4,1,2
vehicle,13,train,4,2,2
bodypart,3,hand,4,2,2
animal,2,cat,2,2,2
vehicle,13,car,3,2,2
insect,8,beetle,3,2,2
tool,11,saw,4,2,2
animal,2,dog,4,2,2
bodypart,3,arm,1,2,2
kitchen,9,bottle,1,2,2
tool,11,hammer,2,2,2
kitchen,9,spoon,5,2,2
building,4,barn,2,2,2
manmade,10,key,2,2,2
building,4,igloo,5,2,2
building,4,apartment,1,2,2
tool,11,chisel,1,2,2
buildpart,5,window,5,2,2
buildpart,5,arch,1,2,2
clothing,6,coat,1,2,2
animal,2,cow,3,2,2
manmade,10,telephone,4,2,2
kitchen,9,cup,2,2,2
clothing,6,shirt,4,2,2
vegetable,12,carrot,1,2,2
vegetable,12,corn,3,2,2
furniture,7,desk,3,2,2
insect,8,butterfly,4,2,2
clothing,6,pants,3,2,2
bodypart,3,leg,5,2,2
furniture,7,chair,2,2,2
manmade,10,bell,1,2,2
tool,11,pliers,3,2,2
building,4,church,3,2,2
buildpart,5,chimney,2,2,2
buildpart,5,door,4,2,2
animal,2,bear,1,2,2
clothing,6,skirt,5,2,2
insect,8,ant,1,2,2
animal,2,horse,5,2,2
tool,11,screwdriver,5,2,2
furniture,7,table,5,2,2
insect,8,bee,2,2,2
clothing,6,dress,2,2,2
furniture,7,bed,1,2,2
furniture,7,dresser,4,2,2
vehicle,13,truck,5,2,2
insect,8,fly,5,2,2
bodypart,3,foot,3,2,2
building,4,house,4,2,2
kitchen,9,glass,3,2,2
vegetable,12,celery,2,2,2
buildpart,5,closet,3,2,2
vehicle,13,airplane,1,2,2
manmade,10,refrigerator,3,2,2
bodypart,3,eye,2,2,2
vegetable,12,tomato,5,2,2
kitchen,9,knife,4,2,2
manmade,10,watch,5,2,2
vehicle,13,bicycle,2,2,2
vegetable,12,lettuce,4,2,2
clothing,6,dress,2,3,2
animal,2,bear,1,3,2
vehicle,13,bicycle,2,3,2
animal,2,horse,5,3,2
tool,11,saw,4,3,2
buildpart,5,door,4,3,2
clothing,6,shirt,4,3,2
animal,2,cow,3,3,2
kitchen,9,knife,4,3,2
vehicle,13,truck,5,3,2
furniture,7,chair,2,3,2
insect,8,butterfly,4,3,2
building,4,house,4,3,2
bodypart,3,arm,1,3,2
bodypart,3,leg,5,3,2
manmade,10,key,2,3,2
manmade,10,refrigerator,3,3,2
kitchen,9,spoon,5,3,2
building,4,apartment,1,3,2
kitchen,9,bottle,1,3,2
manmade,10,watch,5,3,2
furniture,7,table,5,3,2
insect,8,bee,2,3,2
vegetable,12,lettuce,4,3,2
building,4,church,3,3,2
vehicle,13,airplane,1,3,2
insect,8,fly,5,3,2
tool,11,screwdriver,5,3,2
furniture,7,dresser,4,3,2
buildpart,5,window,5,3,2
vegetable,12,carrot,1,3,2
vehicle,13,car,3,3,2
bodypart,3,foot,3,3,2
buildpart,5,chimney,2,3,2
vegetable,12,celery,2,3,2
buildpart,5,closet,3,3,2
animal,2,cat,2,3,2
tool,11,chisel,1,3,2
tool,11,hammer,2,3,2
insect,8,beetle,3,3,2
clothing,6,skirt,5,3,2
building,4,barn,2,3,2
kitchen,9,cup,2,3,2
clothing,6,pants,3,3,2
furniture,7,bed,1,3,2
animal,2,dog,4,3,2
insect,8,ant,1,3,2
vehicle,13,train,4,3,2
buildpart,5,arch,1,3,2
furniture,7,desk,3,3,2
bodypart,3,hand,4,3,2
vegetable,12,corn,3,3,2
manmade,10,bell,1,3,2
vegetable,12,tomato,5,3,2
building,4,igloo,5,3,2
bodypart,3,eye,2,3,2
manmade,10,telephone,4,3,2
kitchen,9,glass,3,3,2
tool,11,pliers,3,3,2
clothing,6,coat,1,3,2
vehicle,13,airplane,1,4,2
clothing,6,pants,3,4,2
buildpart,5,closet,3,4,2
tool,11,screwdriver,5,4,2
furniture,7,dresser,4,4,2
manmade,10,refrigerator,3,4,2
manmade,10,telephone,4,4,2
vegetable,12,lettuce,4,4,2
building,4,barn,2,4,2
furniture,7,table,5,4,2
buildpart,5,window,5,4,2
manmade,10,key,2,4,2
bodypart,3,arm,1,4,2
vehicle,13,bicycle,2,4,2
furniture,7,chair,2,4,2
tool,11,hammer,2,4,2
kitchen,9,spoon,5,4,2
building,4,igloo,5,4,2
animal,2,horse,5,4,2
insect,8,beetle,3,4,2
clothing,6,coat,1,4,2
kitchen,9,cup,2,4,2
vegetable,12,corn,3,4,2
kitchen,9,bottle,1,4,2
building,4,apartment,1,4,2
building,4,church,3,4,2
manmade,10,bell,1,4,2
insect,8,ant,1,4,2
insect,8,butterfly,4,4,2
clothing,6,dress,2,4,2
vehicle,13,car,3,4,2
bodypart,3,hand,4,4,2
vegetable,12,tomato,5,4,2
kitchen,9,knife,4,4,2
furniture,7,bed,1,4,2
manmade,10,watch,5,4,2
tool,11,saw,4,4,2
bodypart,3,eye,2,4,2
insect,8,bee,2,4,2
kitchen,9,glass,3,4,2
bodypart,3,foot,3,4,2
buildpart,5,arch,1,4,2
buildpart,5,door,4,4,2
animal,2,cow,3,4,2
building,4,house,4,4,2
insect,8,fly,5,4,2
animal,2,bear,1,4,2
vegetable,12,celery,2,4,2
vegetable,12,carrot,1,4,2
vehicle,13,truck,5,4,2
animal,2,cat,2,4,2
buildpart,5,chimney,2,4,2
furniture,7,desk,3,4,2
clothing,6,skirt,5,4,2
vehicle,13,train,4,4,2
animal,2,dog,4,4,2
tool,11,chisel,1,4,2
bodypart,3,leg,5,4,2
tool,11,pliers,3,4,2
clothing,6,shirt,4,4,2
clothing,6,coat,1,5,2
animal,2,cat,2,5,2
bodypart,3,leg,5,5,2
animal,2,dog,4,5,2
bodypart,3,arm,1,5,2
clothing,6,skirt,5,5,2
building,4,church,3,5,2
vegetable,12,corn,3,5,2
furniture,7,table,5,5,2
animal,2,bear,1,5,2
tool,11,hammer,2,5,2
manmade,10,refrigerator,3,5,2
vegetable,12,lettuce,4,5,2
furniture,7,bed,1,5,2
bodypart,3,hand,4,5,2
vegetable,12,carrot,1,5,2
manmade,10,watch,5,5,2
buildpart,5,closet,3,5,2
vehicle,13,car,3,5,2
manmade,10,bell,1,5,2
building,4,igloo,5,5,2
vegetable,12,tomato,5,5,2
buildpart,5,door,4,5,2
tool,11,screwdriver,5,5,2
bodypart,3,foot,3,5,2
kitchen,9,glass,3,5,2
bodypart,3,eye,2,5,2
insect,8,ant,1,5,2
furniture,7,desk,3,5,2
furniture,7,dresser,4,5,2
animal,2,horse,5,5,2
insect,8,butterfly,4,5,2
animal,2,cow,3,5,2
kitchen,9,knife,4,5,2
vehicle,13,train,4,5,2
manmade,10,key,2,5,2
tool,11,chisel,1,5,2
kitchen,9,spoon,5,5,2
furniture,7,chair,2,5,2
buildpart,5,arch,1,5,2
vegetable,12,celery,2,5,2
vehicle,13,truck,5,5,2
building,4,house,4,5,2
kitchen,9,bottle,1,5,2
vehicle,13,bicycle,2,5,2
buildpart,5,chimney,2,5,2
insect,8,bee,2,5,2
vehicle,13,airplane,1,5,2
building,4,apartment,1,5,2
clothing,6,dress,2,5,2
tool,11,pliers,3,5,2
buildpart,5,window,5,5,2
kitchen,9,cup,2,5,2
clothing,6,pants,3,5,2
insect,8,beetle,3,5,2
manmade,10,telephone,4,5,2
building,4,barn,2,5,2
clothing,6,shirt,4,5,2
insect,8,fly,5,5,2
tool,11,saw,4,5,2
insect,8,beetle,3,6,2
kitchen,9,bottle,1,6,2
animal,2,horse,5,6,2
buildpart,5,window,5,6,2
clothing,6,shirt,4,6,2
kitchen,9,cup,2,6,2
vegetable,12,lettuce,4,6,2
kitchen,9,knife,4,6,2
insect,8,fly,5,6,2
clothing,6,pants,3,6,2
animal,2,cat,2,6,2
furniture,7,dresser,4,6,2
building,4,barn,2,6,2
building,4,church,3,6,2
furniture,7,table,5,6,2
bodypart,3,foot,3,6,2
furniture,7,desk,3,6,2
manmade,10,key,2,6,2
buildpart,5,door,4,6,2
vehicle,13,train,4,6,2
insect,8,bee,2,6,2
manmade,10,refrigerator,3,6,2
vehicle,13,truck,5,6,2
tool,11,hammer,2,6,2
vegetable,12,tomato,5,6,2
clothing,6,dress,2,6,2
insect,8,butterfly,4,6,2
animal,2,bear,1,6,2
vehicle,13,car,3,6,2
vegetable,12,celery,2,6,2
clothing,6,coat,1,6,2
kitchen,9,glass,3,6,2
vegetable,12,corn,3,6,2
furniture,7,chair,2,6,2
furniture,7,bed,1,6,2
clothing,6,skirt,5,6,2
insect,8,ant,1,6,2
vegetable,12,carrot,1,6,2
buildpart,5,chimney,2,6,2
tool,11,chisel,1,6,2
building,4,apartment,1,6,2
bodypart,3,leg,5,6,2
manmade,10,bell,1,6,2
bodypart,3,hand,4,6,2
tool,11,pliers,3,6,2
bodypart,3,eye,2,6,2
animal,2,dog,4,6,2
bodypart,3,arm,1,6,2
building,4,igloo,5,6,2
kitchen,9,spoon,5,6,2
manmade,10,telephone,4,6,2
tool,11,screwdriver,5,6,2
vehicle,13,airplane,1,6,2
manmade,10,watch,5,6,2
buildpart,5,arch,1,6,2
buildpart,5,closet,3,6,2
building,4,house,4,6,2
animal,2,cow,3,6,2
tool,11,saw,4,6,2
vehicle,13,bicycle,2,6,2
manmade,10,refrigerator,3,1,3
building,4,barn,2,1,3
manmade,10,bell,1,1,3
manmade,10,key,2,1,3
buildpart,5,window,5,1,3
tool,11,screwdriver,5,1,3
building,4,church,3,1,3
furniture,7,desk,3,1,3
animal,2,cow,3,1,3
kitchen,9,knife,4,1,3
vehicle,13,train,4,1,3
insect,8,beetle,3,1,3
vegetable,12,tomato,5,1,3
bodypart,3,foot,3,1,3
bodypart,3,eye,2,1,3
furniture,7,dresser,4,1,3
kitchen,9,spoon,5,1,3
vehicle,13,truck,5,1,3
building,4,apartment,1,1,3
clothing,6,pants,3,1,3
insect,8,ant,1,1,3
tool,11,saw,4,1,3
clothing,6,coat,1,1,3
buildpart,5,closet,3,1,3
clothing,6,dress,2,1,3
building,4,igloo,5,1,3
clothing,6,skirt,5,1,3
vegetable,12,corn,3,1,3
vehicle,13,airplane,1,1,3
vehicle,13,car,3,1,3
animal,2,bear,1,1,3
vegetable,12,celery,2,1,3
insect,8,butterfly,4,1,3
clothing,6,shirt,4,1,3
bodypart,3,arm,1,1,3
buildpart,5,arch,1,1,3
tool,11,pliers,3,1,3
kitchen,9,glass,3,1,3
building,4,house,4,1,3
kitchen,9,cup,2,1,3
animal,2,horse,5,1,3
kitchen,9,bottle,1,1,3
tool,11,chisel,1,1,3
animal,2,cat,2,1,3
insect,8,bee,2,1,3
vegetable,12,lettuce,4,1,3
vehicle,13,bicycle,2,1,3
bodypart,3,hand,4,1,3
furniture,7,chair,2,1,3
tool,11,hammer,2,1,3
buildpart,5,door,4,1,3
bodypart,3,leg,5,1,3
vegetable,12,carrot,1,1,3
manmade,10,watch,5,1,3
furniture,7,table,5,1,3
buildpart,5,chimney,2,1,3
furniture,7,bed,1,1,3
insect,8,fly,5,1,3
animal,2,dog,4,1,3
manmade,10,telephone,4,1,3
vehicle,13,train,4,2,3
bodypart,3,hand,4,2,3
animal,2,cat,2,2,3
vehicle,13,car,3,2,3
insect,8,beetle,3,2,3
tool,11,saw,4,2,3
animal,2,dog,4,2,3
bodypart,3,arm,1,2,3
kitchen,9,bottle,1,2,3
tool,11,hammer,2,2,3
kitchen,9,spoon,5,2,3
building,4,barn,2,2,3
manmade,10,key,2,2,3
building,4,igloo,5,2,3
building,4,apartment,1,2,3
tool,11,chisel,1,2,3
buildpart,5,window,5,2,3
buildpart,5,arch,1,2,3
clothing,6,coat,1,2,3
animal,2,cow,3,2,3
manmade,10,telephone,4,2,3
kitchen,9,cup,2,2,3
clothing,6,shirt,4,2,3
vegetable,12,carrot,1,2,3
vegetable,12,corn,3,2,3
furniture,7,desk,3,2,3
insect,8,butterfly,4,2,3
clothing,6,pants,3,2,3
bodypart,3,leg,5,2,3
furniture,7,chair,2,2,3
manmade,10,bell,1,2,3
tool,11,pliers,3,2,3
building,4,church,3,2,3
buildpart,5,chimney,2,2,3
buildpart,5,door,4,2,3
animal,2,bear,1,2,3
clothing,6,skirt,5,2,3
insect,8,ant,1,2,3
animal,2,horse,5,2,3
tool,11,screwdriver,5,2,3
furniture,7,table,5,2,3
insect,8,bee,2,2,3
clothing,6,dress,2,2,3
furniture,7,bed,1,2,3
furniture,7,dresser,4,2,3
vehicle,13,truck,5,2,3
insect,8,fly,5,2,3
bodypart,3,foot,3,2,3
building,4,house,4,2,3
kitchen,9,glass,3,2,3
vegetable,12,celery,2,2,3
buildpart,5,closet,3,2,3
vehicle,13,airplane,1,2,3
manmade,10,refrigerator,3,2,3
bodypart,3,eye,2,2,3
vegetable,12,tomato,5,2,3
kitchen,9,knife,4,2,3
manmade,10,watch,5,2,3
vehicle,13,bicycle,2,2,3
vegetable,12,lettuce,4,2,3
clothing,6,dress,2,3,3
animal,2,bear,1,3,3
vehicle,13,bicycle,2,3,3
animal,2,horse,5,3,3
tool,11,saw,4,3,3
buildpart,5,door,4,3,3
clothing,6,shirt,4,3,3
animal,2,cow,3,3,3
kitchen,9,knife,4,3,3
vehicle,13,truck,5,3,3
furniture,7,chair,2,3,3
insect,8,butterfly,4,3,3
building,4,house,4,3,3
bodypart,3,arm,1,3,3
bodypart,3,leg,5,3,3
manmade,10,key,2,3,3
manmade,10,refrigerator,3,3,3
kitchen,9,spoon,5,3,3
building,4,apartment,1,3,3
kitchen,9,bottle,1,3,3
manmade,10,watch,5,3,3
furniture,7,table,5,3,3
insect,8,bee,2,3,3
vegetable,12,lettuce,4,3,3
building,4,church,3,3,3
vehicle,13,airplane,1,3,3
insect,8,fly,5,3,3
tool,11,screwdriver,5,3,3
furniture,7,dresser,4,3,3
buildpart,5,window,5,3,3
vegetable,12,carrot,1,3,3
vehicle,13,car,3,3,3
bodypart,3,foot,3,3,3
buildpart,5,chimney,2,3,3
vegetable,12,celery,2,3,3
buildpart,5,closet,3,3,3
animal,2,cat,2,3,3
tool,11,chisel,1,3,3
tool,11,hammer,2,3,3
insect,8,beetle,3,3,3
clothing,6,skirt,5,3,3
building,4,barn,2,3,3
kitchen,9,cup,2,3,3
clothing,6,pants,3,3,3
furniture,7,bed,1,3,3
animal,2,dog,4,3,3
insect,8,ant,1,3,3
vehicle,13,train,4,3,3
buildpart,5,arch,1,3,3
furniture,7,desk,3,3,3
bodypart,3,hand,4,3,3
vegetable,12,corn,3,3,3
manmade,10,bell,1,3,3
vegetable,12,tomato,5,3,3
building,4,igloo,5,3,3
bodypart,3,eye,2,3,3
manmade,10,telephone,4,3,3
kitchen,9,glass,3,3,3
tool,11,pliers,3,3,3
clothing,6,coat,1,3,3
vehicle,13,airplane,1,4,3
clothing,6,pants,3,4,3
buildpart,5,closet,3,4,3
tool,11,screwdriver,5,4,3
furniture,7,dresser,4,4,3
manmade,10,refrigerator,3,4,3
manmade,10,telephone,4,4,3
vegetable,12,lettuce,4,4,3
building,4,barn,2,4,3
furniture,7,table,5,4,3
buildpart,5,window,5,4,3
manmade,10,key,2,4,3
bodypart,3,arm,1,4,3
vehicle,13,bicycle,2,4,3
furniture,7,chair,2,4,3
tool,11,hammer,2,4,3
kitchen,9,spoon,5,4,3
building,4,igloo,5,4,3
animal,2,horse,5,4,3
insect,8,beetle,3,4,3
clothing,6,coat,1,4,3
kitchen,9,cup,2,4,3
vegetable,12,corn,3,4,3
kitchen,9,bottle,1,4,3
building,4,apartment,1,4,3
building,4,church,3,4,3
manmade,10,bell,1,4,3
insect,8,ant,1,4,3
insect,8,butterfly,4,4,3
clothing,6,dress,2,4,3
vehicle,13,car,3,4,3
bodypart,3,hand,4,4,3
vegetable,12,tomato,5,4,3
kitchen,9,knife,4,4,3
furniture,7,bed,1,4,3
manmade,10,watch,5,4,3
tool,11,saw,4,4,3
bodypart,3,eye,2,4,3
insect,8,bee,2,4,3
kitchen,9,glass,3,4,3
bodypart,3,foot,3,4,3
buildpart,5,arch,1,4,3
buildpart,5,door,4,4,3
animal,2,cow,3,4,3
building,4,house,4,4,3
insect,8,fly,5,4,3
animal,2,bear,1,4,3
vegetable,12,celery,2,4,3
vegetable,12,carrot,1,4,3
vehicle,13,truck,5,4,3
animal,2,cat,2,4,3
buildpart,5,chimney,2,4,3
furniture,7,desk,3,4,3
clothing,6,skirt,5,4,3
vehicle,13,train,4,4,3
animal,2,dog,4,4,3
tool,11,chisel,1,4,3
bodypart,3,leg,5,4,3
tool,11,pliers,3,4,3
clothing,6,shirt,4,4,3
clothing,6,coat,1,5,3
animal,2,cat,2,5,3
bodypart,3,leg,5,5,3
animal,2,dog,4,5,3
bodypart,3,arm,1,5,3
clothing,6,skirt,5,5,3
building,4,church,3,5,3
vegetable,12,corn,3,5,3
furniture,7,table,5,5,3
animal,2,bear,1,5,3
tool,11,hammer,2,5,3
manmade,10,refrigerator,3,5,3
vegetable,12,lettuce,4,5,3
furniture,7,bed,1,5,3
bodypart,3,hand,4,5,3
vegetable,12,carrot,1,5,3
manmade,10,watch,5,5,3
buildpart,5,closet,3,5,3
vehicle,13,car,3,5,3
manmade,10,bell,1,5,3
building,4,igloo,5,5,3
vegetable,12,tomato,5,5,3
buildpart,5,door,4,5,3
tool,11,screwdriver,5,5,3
bodypart,3,foot,3,5,3
kitchen,9,glass,3,5,3
bodypart,3,eye,2,5,3
insect,8,ant,1,5,3
furniture,7,desk,3,5,3
furniture,7,dresser,4,5,3
animal,2,horse,5,5,3
insect,8,butterfly,4,5,3
animal,2,cow,3,5,3
kitchen,9,knife,4,5,3
vehicle,13,train,4,5,3
manmade,10,key,2,5,3
tool,11,chisel,1,5,3
kitchen,9,spoon,5,5,3
furniture,7,chair,2,5,3
buildpart,5,arch,1,5,3
vegetable,12,celery,2,5,3
vehicle,13,truck,5,5,3
building,4,house,4,5,3
kitchen,9,bottle,1,5,3
vehicle,13,bicycle,2,5,3
buildpart,5,chimney,2,5,3
insect,8,bee,2,5,3
vehicle,13,airplane,1,5,3
building,4,apartment,1,5,3
clothing,6,dress,2,5,3
tool,11,pliers,3,5,3
buildpart,5,window,5,5,3
kitchen,9,cup,2,5,3
clothing,6,pants,3,5,3
insect,8,beetle,3,5,3
manmade,10,telephone,4,5,3
building,4,barn,2,5,3
clothing,6,shirt,4,5,3
insect,8,fly,5,5,3
tool,11,saw,4,5,3
insect,8,beetle,3,6,3
kitchen,9,bottle,1,6,3
animal,2,horse,5,6,3
buildpart,5,window,5,6,3
clothing,6,shirt,4,6,3
kitchen,9,cup,2,6,3
vegetable,12,lettuce,4,6,3
kitchen,9,knife,4,6,3
insect,8,fly,5,6,3
clothing,6,pants,3,6,3
animal,2,cat,2,6,3
furniture,7,dresser,4,6,3
building,4,barn,2,6,3
building,4,church,3,6,3
furniture,7,table,5,6,3
bodypart,3,foot,3,6,3
furniture,7,desk,3,6,3
manmade,10,key,2,6,3
buildpart,5,door,4,6,3
vehicle,13,train,4,6,3
insect,8,bee,2,6,3
manmade,10,refrigerator,3,6,3
vehicle,13,truck,5,6,3
tool,11,hammer,2,6,3
vegetable,12,tomato,5,6,3
clothing,6,dress,2,6,3
insect,8,butterfly,4,6,3
animal,2,bear,1,6,3
vehicle,13,car,3,6,3
vegetable,12,celery,2,6,3
clothing,6,coat,1,6,3
kitchen,9,glass,3,6,3
vegetable,12,corn,3,6,3
furniture,7,chair,2,6,3
furniture,7,bed,1,6,3
clothing,6,skirt,5,6,3
insect,8,ant,1,6,3
vegetable,12,carrot,1,6,3
buildpart,5,chimney,2,6,3
tool,11,chisel,1,6,3
building,4,apartment,1,6,3
bodypart,3,leg,5,6,3
manmade,10,bell,1,6,3
bodypart,3,hand,4,6,3
tool,11,pliers,3,6,3
bodypart,3,eye,2,6,3
animal,2,dog,4,6,3
bodypart,3,arm,1,6,3
building,4,igloo,5,6,3
kitchen,9,spoon,5,6,3
manmade,10,telephone,4,6,3
tool,11,screwdriver,5,6,3
vehicle,13,airplane,1,6,3
manmade,10,watch,5,6,3
buildpart,5,arch,1,6,3
buildpart,5,closet,3,6,3
building,4,house,4,6,3
animal,2,cow,3,6,3
tool,11,saw,4,6,3
vehicle,13,bicycle,2,6,3
manmade,10,refrigerator,3,1,4
building,4,barn,2,1,4
manmade,10,bell,1,1,4
manmade,10,key,2,1,4
buildpart,5,window,5,1,4
tool,11,screwdriver,5,1,4
building,4,church,3,1,4
furniture,7,desk,3,1,4
animal,2,cow,3,1,4
kitchen,9,knife,4,1,4
vehicle,13,train,4,1,4
insect,8,beetle,3,1,4
vegetable,12,tomato,5,1,4
bodypart,3,foot,3,1,4
bodypart,3,eye,2,1,4
furniture,7,dresser,4,1,4
kitchen,9,spoon,5,1,4
vehicle,13,truck,5,1,4
building,4,apartment,1,1,4
clothing,6,pants,3,1,4
insect,8,ant,1,1,4
tool,11,saw,4,1,4
clothing,6,coat,1,1,4
buildpart,5,closet,3,1,4
clothing,6,dress,2,1,4
building,4,igloo,5,1,4
clothing,6,skirt,5,1,4
vegetable,12,corn,3,1,4
vehicle,13,airplane,1,1,4
vehicle,13,car,3,1,4
animal,2,bear,1,1,4
vegetable,12,celery,2,1,4
insect,8,butterfly,4,1,4
clothing,6,shirt,4,1,4
bodypart,3,arm,1,1,4
buildpart,5,arch,1,1,4
tool,11,pliers,3,1,4
kitchen,9,glass,3,1,4
building,4,house,4,1,4
kitchen,9,cup,2,1,4
animal,2,horse,5,1,4
kitchen,9,bottle,1,1,4
tool,11,chisel,1,1,4
animal,2,cat,2,1,4
insect,8,bee,2,1,4
vegetable,12,lettuce,4,1,4
vehicle,13,bicycle,2,1,4
bodypart,3,hand,4,1,4
furniture,7,chair,2,1,4
tool,11,hammer,2,1,4
buildpart,5,door,4,1,4
bodypart,3,leg,5,1,4
vegetable,12,carrot,1,1,4
manmade,10,watch,5,1,4
furniture,7,table,5,1,4
buildpart,5,chimney,2,1,4
furniture,7,bed,1,1,4
insect,8,fly,5,1,4
animal,2,dog,4,1,4
manmade,10,telephone,4,1,4
vehicle,13,train,4,2,4
bodypart,3,hand,4,2,4
animal,2,cat,2,2,4
vehicle,13,car,3,2,4
insect,8,beetle,3,2,4
tool,11,saw,4,2,4
animal,2,dog,4,2,4
bodypart,3,arm,1,2,4
kitchen,9,bottle,1,2,4
tool,11,hammer,2,2,4
kitchen,9,spoon,5,2,4
building,4,barn,2,2,4
manmade,10,key,2,2,4
building,4,igloo,5,2,4
building,4,apartment,1,2,4
tool,11,chisel,1,2,4
buildpart,5,window,5,2,4
buildpart,5,arch,1,2,4
clothing,6,coat,1,2,4
animal,2,cow,3,2,4
manmade,10,telephone,4,2,4
kitchen,9,cup,2,2,4
clothing,6,shirt,4,2,4
vegetable,12,carrot,1,2,4
vegetable,12,corn,3,2,4
furniture,7,desk,3,2,4
insect,8,butterfly,4,2,4
clothing,6,pants,3,2,4
bodypart,3,leg,5,2,4
furniture,7,chair,2,2,4
manmade,10,bell,1,2,4
tool,11,pliers,3,2,4
building,4,church,3,2,4
buildpart,5,chimney,2,2,4
buildpart,5,door,4,2,4
animal,2,bear,1,2,4
clothing,6,skirt,5,2,4
insect,8,ant,1,2,4
animal,2,horse,5,2,4
tool,11,screwdriver,5,2,4
furniture,7,table,5,2,4
insect,8,bee,2,2,4
clothing,6,dress,2,2,4
furniture,7,bed,1,2,4
furniture,7,dresser,4,2,4
vehicle,13,truck,5,2,4
insect,8,fly,5,2,4
bodypart,3,foot,3,2,4
building,4,house,4,2,4
kitchen,9,glass,3,2,4
vegetable,12,celery,2,2,4
buildpart,5,closet,3,2,4
vehicle,13,airplane,1,2,4
manmade,10,refrigerator,3,2,4
bodypart,3,eye,2,2,4
vegetable,12,tomato,5,2,4
kitchen,9,knife,4,2,4
manmade,10,watch,5,2,4
vehicle,13,bicycle,2,2,4
vegetable,12,lettuce,4,2,4
clothing,6,dress,2,3,4
animal,2,bear,1,3,4
vehicle,13,bicycle,2,3,4
animal,2,horse,5,3,4
tool,11,saw,4,3,4
buildpart,5,door,4,3,4
clothing,6,shirt,4,3,4
animal,2,cow,3,3,4
kitchen,9,knife,4,3,4
vehicle,13,truck,5,3,4
furniture,7,chair,2,3,4
insect,8,butterfly,4,3,4
building,4,house,4,3,4
bodypart,3,arm,1,3,4
bodypart,3,leg,5,3,4
manmade,10,key,2,3,4
manmade,10,refrigerator,3,3,4
kitchen,9,spoon,5,3,4
building,4,apartment,1,3,4
kitchen,9,bottle,1,3,4
manmade,10,watch,5,3,4
furniture,7,table,5,3,4
insect,8,bee,2,3,4
vegetable,12,lettuce,4,3,4
building,4,church,3,3,4
vehicle,13,airplane,1,3,4
insect,8,fly,5,3,4
tool,11,screwdriver,5,3,4
furniture,7,dresser,4,3,4
buildpart,5,window,5,3,4
vegetable,12,carrot,1,3,4
vehicle,13,car,3,3,4
bodypart,3,foot,3,3,4
buildpart,5,chimney,2,3,4
vegetable,12,celery,2,3,4
buildpart,5,closet,3,3,4
animal,2,cat,2,3,4
tool,11,chisel,1,3,4
tool,11,hammer,2,3,4
insect,8,beetle,3,3,4
clothing,6,skirt,5,3,4
building,4,barn,2,3,4
kitchen,9,cup,2,3,4
clothing,6,pants,3,3,4
furniture,7,bed,1,3,4
animal,2,dog,4,3,4
insect,8,ant,1,3,4
vehicle,13,train,4,3,4
buildpart,5,arch,1,3,4
furniture,7,desk,3,3,4
bodypart,3,hand,4,3,4
vegetable,12,corn,3,3,4
manmade,10,bell,1,3,4
vegetable,12,tomato,5,3,4
building,4,igloo,5,3,4
bodypart,3,eye,2,3,4
manmade,10,telephone,4,3,4
kitchen,9,glass,3,3,4
tool,11,pliers,3,3,4
clothing,6,coat,1,3,4
vehicle,13,airplane,1,4,4
clothing,6,pants,3,4,4
buildpart,5,closet,3,4,4
tool,11,screwdriver,5,4,4
furniture,7,dresser,4,4,4
manmade,10,refrigerator,3,4,4
manmade,10,telephone,4,4,4
vegetable,12,lettuce,4,4,4
building,4,barn,2,4,4
furniture,7,table,5,4,4
buildpart,5,window,5,4,4
manmade,10,key,2,4,4
bodypart,3,arm,1,4,4
vehicle,13,bicycle,2,4,4
furniture,7,chair,2,4,4
tool,11,hammer,2,4,4
kitchen,9,spoon,5,4,4
building,4,igloo,5,4,4
animal,2,horse,5,4,4
insect,8,beetle,3,4,4
clothing,6,coat,1,4,4
kitchen,9,cup,2,4,4
vegetable,12,corn,3,4,4
kitchen,9,bottle,1,4,4
building,4,apartment,1,4,4
building,4,church,3,4,4
manmade,10,bell,1,4,4
insect,8,ant,1,4,4
insect,8,butterfly,4,4,4
clothing,6,dress,2,4,4
vehicle,13,car,3,4,4
bodypart,3,hand,4,4,4
vegetable,12,tomato,5,4,4
kitchen,9,knife,4,4,4
furniture,7,bed,1,4,4
manmade,10,watch,5,4,4
tool,11,saw,4,4,4
bodypart,3,eye,2,4,4
insect,8,bee,2,4,4
kitchen,9,glass,3,4,4
bodypart,3,foot,3,4,4
buildpart,5,arch,1,4,4
buildpart,5,door,4,4,4
animal,2,cow,3,4,4
building,4,house,4,4,4
insect,8,fly,5,4,4
animal,2,bear,1,4,4
vegetable,12,celery,2,4,4
vegetable,12,carrot,1,4,4
vehicle,13,truck,5,4,4
animal,2,cat,2,4,4
buildpart,5,chimney,2,4,4
furniture,7,desk,3,4,4
clothing,6,skirt,5,4,4
vehicle,13,train,4,4,4
animal,2,dog,4,4,4
tool,11,chisel,1,4,4
bodypart,3,leg,5,4,4
tool,11,pliers,3,4,4
clothing,6,shirt,4,4,4
clothing,6,coat,1,5,4
animal,2,cat,2,5,4
bodypart,3,leg,5,5,4
animal,2,dog,4,5,4
bodypart,3,arm,1,5,4
clothing,6,skirt,5,5,4
building,4,church,3,5,4
vegetable,12,corn,3,5,4
furniture,7,table,5,5,4
animal,2,bear,1,5,4
tool,11,hammer,2,5,4
manmade,10,refrigerator,3,5,4
vegetable,12,lettuce,4,5,4
furniture,7,bed,1,5,4
bodypart,3,hand,4,5,4
vegetable,12,carrot,1,5,4
manmade,10,watch,5,5,4
buildpart,5,closet,3,5,4
vehicle,13,car,3,5,4
manmade,10,bell,1,5,4
building,4,igloo,5,5,4
vegetable,12,tomato,5,5,4
buildpart,5,door,4,5,4
tool,11,screwdriver,5,5,4
bodypart,3,foot,3,5,4
kitchen,9,glass,3,5,4
bodypart,3,eye,2,5,4
insect,8,ant,1,5,4
furniture,7,desk,3,5,4
furniture,7,dresser,4,5,4
animal,2,horse,5,5,4
insect,8,butterfly,4,5,4
animal,2,cow,3,5,4
kitchen,9,knife,4,5,4
vehicle,13,train,4,5,4
manmade,10,key,2,5,4
tool,11,chisel,1,5,4
kitchen,9,spoon,5,5,4
furniture,7,chair,2,5,4
buildpart,5,arch,1,5,4
vegetable,12,celery,2,5,4
vehicle,13,truck,5,5,4
building,4,house,4,5,4
kitchen,9,bottle,1,5,4
vehicle,13,bicycle,2,5,4
buildpart,5,chimney,2,5,4
insect,8,bee,2,5,4
vehicle,13,airplane,1,5,4
building,4,apartment,1,5,4
clothing,6,dress,2,5,4
tool,11,pliers,3,5,4
buildpart,5,window,5,5,4
kitchen,9,cup,2,5,4
clothing,6,pants,3,5,4
insect,8,beetle,3,5,4
manmade,10,telephone,4,5,4
building,4,barn,2,5,4
clothing,6,shirt,4,5,4
insect,8,fly,5,5,4
tool,11,saw,4,5,4
insect,8,beetle,3,6,4
kitchen,9,bottle,1,6,4
animal,2,horse,5,6,4
buildpart,5,window,5,6,4
clothing,6,shirt,4,6,4
kitchen,9,cup,2,6,4
vegetable,12,lettuce,4,6,4
kitchen,9,knife,4,6,4
insect,8,fly,5,6,4
clothing,6,pants,3,6,4
animal,2,cat,2,6,4
furniture,7,dresser,4,6,4
building,4,barn,2,6,4
building,4,church,3,6,4
furniture,7,table,5,6,4
bodypart,3,foot,3,6,4
furniture,7,desk,3,6,4
manmade,10,key,2,6,4
buildpart,5,door,4,6,4
vehicle,13,train,4,6,4
insect,8,bee,2,6,4
manmade,10,refrigerator,3,6,4
vehicle,13,truck,5,6,4
tool,11,hammer,2,6,4
vegetable,12,tomato,5,6,4
clothing,6,dress,2,6,4
insect,8,butterfly,4,6,4
animal,2,bear,1,6,4
vehicle,13,car,3,6,4
vegetable,12,celery,2,6,4
clothing,6,coat,1,6,4
kitchen,9,glass,3,6,4
vegetable,12,corn,3,6,4
furniture,7,chair,2,6,4
furniture,7,bed,1,6,4
clothing,6,skirt,5,6,4
insect,8,ant,1,6,4
vegetable,12,carrot,1,6,4
buildpart,5,chimney,2,6,4
tool,11,chisel,1,6,4
building,4,apartment,1,6,4
bodypart,3,leg,5,6,4
manmade,10,bell,1,6,4
bodypart,3,hand,4,6,4
tool,11,pliers,3,6,4
bodypart,3,eye,2,6,4
animal,2,dog,4,6,4
bodypart,3,arm,1,6,4
building,4,igloo,5,6,4
kitchen,9,spoon,5,6,4
manmade,10,telephone,4,6,4
tool,11,screwdriver,5,6,4
vehicle,13,airplane,1,6,4
manmade,10,watch,5,6,4
buildpart,5,arch,1,6,4
buildpart,5,closet,3,6,4
building,4,house,4,6,4
animal,2,cow,3,6,4
tool,11,saw,4,6,4
vehicle,13,bicycle,2,6,4
manmade,10,refrigerator,3,1,5
building,4,barn,2,1,5
manmade,10,bell,1,1,5
manmade,10,key,2,1,5
buildpart,5,window,5,1,5
tool,11,screwdriver,5,1,5
building,4,church,3,1,5
furniture,7,desk,3,1,5
animal,2,cow,3,1,5
kitchen,9,knife,4,1,5
vehicle,13,train,4,1,5
insect,8,beetle,3,1,5
vegetable,12,tomato,5,1,5
bodypart,3,foot,3,1,5
bodypart,3,eye,2,1,5
furniture,7,dresser,4,1,5
kitchen,9,spoon,5,1,5
vehicle,13,truck,5,1,5
building,4,apartment,1,1,5
clothing,6,pants,3,1,5
insect,8,ant,1,1,5
tool,11,saw,4,1,5
clothing,6,coat,1,1,5
buildpart,5,closet,3,1,5
clothing,6,dress,2,1,5
building,4,igloo,5,1,5
clothing,6,skirt,5,1,5
vegetable,12,corn,3,1,5
vehicle,13,airplane,1,1,5
vehicle,13,car,3,1,5
animal,2,bear,1,1,5
vegetable,12,celery,2,1,5
insect,8,butterfly,4,1,5
clothing,6,shirt,4,1,5
bodypart,3,arm,1,1,5
buildpart,5,arch,1,1,5
tool,11,pliers,3,1,5
kitchen,9,glass,3,1,5
building,4,house,4,1,5
kitchen,9,cup,2,1,5
animal,2,horse,5,1,5
kitchen,9,bottle,1,1,5
tool,11,chisel,1,1,5
animal,2,cat,2,1,5
insect,8,bee,2,1,5
vegetable,12,lettuce,4,1,5
vehicle,13,bicycle,2,1,5
bodypart,3,hand,4,1,5
furniture,7,chair,2,1,5
tool,11,hammer,2,1,5
buildpart,5,door,4,1,5
bodypart,3,leg,5,1,5
vegetable,12,carrot,1,1,5
manmade,10,watch,5,1,5
furniture,7,table,5,1,5
buildpart,5,chimney,2,1,5
furniture,7,bed,1,1,5
insect,8,fly,5,1,5
animal,2,dog,4,1,5
manmade,10,telephone,4,1,5
vehicle,13,train,4,2,5
bodypart,3,hand,4,2,5
animal,2,cat,2,2,5
vehicle,13,car,3,2,5
insect,8,beetle,3,2,5
tool,11,saw,4,2,5
animal,2,dog,4,2,5
bodypart,3,arm,1,2,5
kitchen,9,bottle,1,2,5
tool,11,hammer,2,2,5
kitchen,9,spoon,5,2,5
building,4,barn,2,2,5
manmade,10,key,2,2,5
building,4,igloo,5,2,5
building,4,apartment,1,2,5
tool,11,chisel,1,2,5
buildpart,5,window,5,2,5
buildpart,5,arch,1,2,5
clothing,6,coat,1,2,5
animal,2,cow,3,2,5
manmade,10,telephone,4,2,5
kitchen,9,cup,2,2,5
clothing,6,shirt,4,2,5
vegetable,12,carrot,1,2,5
vegetable,12,corn,3,2,5
furniture,7,desk,3,2,5
insect,8,butterfly,4,2,5
clothing,6,pants,3,2,5
bodypart,3,leg,5,2,5
furniture,7,chair,2,2,5
manmade,10,bell,1,2,5
tool,11,pliers,3,2,5
building,4,church,3,2,5
buildpart,5,chimney,2,2,5
buildpart,5,door,4,2,5
animal,2,bear,1,2,5
clothing,6,skirt,5,2,5
insect,8,ant,1,2,5
animal,2,horse,5,2,5
tool,11,screwdriver,5,2,5
furniture,7,table,5,2,5
insect,8,bee,2,2,5
clothing,6,dress,2,2,5
furniture,7,bed,1,2,5
furniture,7,dresser,4,2,5
vehicle,13,truck,5,2,5
insect,8,fly,5,2,5
bodypart,3,foot,3,2,5
building,4,house,4,2,5
kitchen,9,glass,3,2,5
vegetable,12,celery,2,2,5
buildpart,5,closet,3,2,5
vehicle,13,airplane,1,2,5
manmade,10,refrigerator,3,2,5
bodypart,3,eye,2,2,5
vegetable,12,tomato,5,2,5
kitchen,9,knife,4,2,5
manmade,10,watch,5,2,5
vehicle,13,bicycle,2,2,5
vegetable,12,lettuce,4,2,5
clothing,6,dress,2,3,5
animal,2,bear,1,3,5
vehicle,13,bicycle,2,3,5
animal,2,horse,5,3,5
tool,11,saw,4,3,5
buildpart,5,door,4,3,5
clothing,6,shirt,4,3,5
animal,2,cow,3,3,5
kitchen,9,knife,4,3,5
vehicle,13,truck,5,3,5
furniture,7,chair,2,3,5
insect,8,butterfly,4,3,5
building,4,house,4,3,5
bodypart,3,arm,1,3,5
bodypart,3,leg,5,3,5
manmade,10,key,2,3,5
manmade,10,refrigerator,3,3,5
kitchen,9,spoon,5,3,5
building,4,apartment,1,3,5
kitchen,9,bottle,1,3,5
manmade,10,watch,5,3,5
furniture,7,table,5,3,5
insect,8,bee,2,3,5
vegetable,12,lettuce,4,3,5
building,4,church,3,3,5
vehicle,13,airplane,1,3,5
insect,8,fly,5,3,5
tool,11,screwdriver,5,3,5
furniture,7,dresser,4,3,5
buildpart,5,window,5,3,5
vegetable,12,carrot,1,3,5
vehicle,13,car,3,3,5
bodypart,3,foot,3,3,5
buildpart,5,chimney,2,3,5
vegetable,12,celery,2,3,5
buildpart,5,closet,3,3,5
animal,2,cat,2,3,5
tool,11,chisel,1,3,5
tool,11,hammer,2,3,5
insect,8,beetle,3,3,5
clothing,6,skirt,5,3,5
building,4,barn,2,3,5
kitchen,9,cup,2,3,5
clothing,6,pants,3,3,5
furniture,7,bed,1,3,5
animal,2,dog,4,3,5
insect,8,ant,1,3,5
vehicle,13,train,4,3,5
buildpart,5,arch,1,3,5
furniture,7,desk,3,3,5
bodypart,3,hand,4,3,5
vegetable,12,corn,3,3,5
manmade,10,bell,1,3,5
vegetable,12,tomato,5,3,5
building,4,igloo,5,3,5
bodypart,3,eye,2,3,5
manmade,10,telephone,4,3,5
kitchen,9,glass,3,3,5
tool,11,pliers,3,3,5
clothing,6,coat,1,3,5
vehicle,13,airplane,1,4,5
clothing,6,pants,3,4,5
buildpart,5,closet,3,4,5
tool,11,screwdriver,5,4,5
furniture,7,dresser,4,4,5
manmade,10,refrigerator,3,4,5
manmade,10,telephone,4,4,5
vegetable,12,lettuce,4,4,5
building,4,barn,2,4,5
furniture,7,table,5,4,5
buildpart,5,window,5,4,5
manmade,10,key,2,4,5
bodypart,3,arm,1,4,5
vehicle,13,bicycle,2,4,5
furniture,7,chair,2,4,5
tool,11,hammer,2,4,5
kitchen,9,spoon,5,4,5
building,4,igloo,5,4,5
animal,2,horse,5,4,5
insect,8,beetle,3,4,5
clothing,6,coat,1,4,5
kitchen,9,cup,2,4,5
vegetable,12,corn,3,4,5
kitchen,9,bottle,1,4,5
building,4,apartment,1,4,5
building,4,church,3,4,5
manmade,10,bell,1,4,5
insect,8,ant,1,4,5
insect,8,butterfly,4,4,5
clothing,6,dress,2,4,5
vehicle,13,car,3,4,5
bodypart,3,hand,4,4,5
vegetable,12,tomato,5,4,5
kitchen,9,knife,4,4,5
furniture,7,bed,1,4,5
manmade,10,watch,5,4,5
tool,11,saw,4,4,5
bodypart,3,eye,2,4,5
insect,8,bee,2,4,5
kitchen,9,glass,3,4,5
bodypart,3,foot,3,4,5
buildpart,5,arch,1,4,5
buildpart,5,door,4,4,5
animal,2,cow,3,4,5
building,4,house,4,4,5
insect,8,fly,5,4,5
animal,2,bear,1,4,5
vegetable,12,celery,2,4,5
vegetable,12,carrot,1,4,5
vehicle,13,truck,5,4,5
animal,2,cat,2,4,5
buildpart,5,chimney,2,4,5
furniture,7,desk,3,4,5
clothing,6,skirt,5,4,5
vehicle,13,train,4,4,5
animal,2,dog,4,4,5
tool,11,chisel,1,4,5
bodypart,3,leg,5,4,5
tool,11,pliers,3,4,5
clothing,6,shirt,4,4,5
clothing,6,coat,1,5,5
animal,2,cat,2,5,5
bodypart,3,leg,5,5,5
animal,2,dog,4,5,5
bodypart,3,arm,1,5,5
clothing,6,skirt,5,5,5
building,4,church,3,5,5
vegetable,12,corn,3,5,5
furniture,7,table,5,5,5
animal,2,bear,1,5,5
tool,11,hammer,2,5,5
manmade,10,refrigerator,3,5,5
vegetable,12,lettuce,4,5,5
furniture,7,bed,1,5,5
bodypart,3,hand,4,5,5
vegetable,12,carrot,1,5,5
manmade,10,watch,5,5,5
buildpart,5,closet,3,5,5
vehicle,13,car,3,5,5
manmade,10,bell,1,5,5
building,4,igloo,5,5,5
vegetable,12,tomato,5,5,5
buildpart,5,door,4,5,5
tool,11,screwdriver,5,5,5
bodypart,3,foot,3,5,5
kitchen,9,glass,3,5,5
bodypart,3,eye,2,5,5
insect,8,ant,1,5,5
furniture,7,desk,3,5,5
furniture,7,dresser,4,5,5
animal,2,horse,5,5,5
insect,8,butterfly,4,5,5
animal,2,cow,3,5,5
kitchen,9,knife,4,5,5
vehicle,13,train,4,5,5
manmade,10,key,2,5,5
tool,11,chisel,1,5,5
kitchen,9,spoon,5,5,5
furniture,7,chair,2,5,5
buildpart,5,arch,1,5,5
vegetable,12,celery,2,5,5
vehicle,13,truck,5,5,5
building,4,house,4,5,5
kitchen,9,bottle,1,5,5
vehicle,13,bicycle,2,5,5
buildpart,5,chimney,2,5,5
insect,8,bee,2,5,5
vehicle,13,airplane,1,5,5
building,4,apartment,1,5,5
clothing,6,dress,2,5,5
tool,11,pliers,3,5,5
buildpart,5,window,5,5,5
kitchen,9,cup,2,5,5
clothing,6,pants,3,5,5
insect,8,beetle,3,5,5
manmade,10,telephone,4,5,5
building,4,barn,2,5,5
clothing,6,shirt,4,5,5
insect,8,fly,5,5,5
tool,11,saw,4,5,5
insect,8,beetle,3,6,5
kitchen,9,bottle,1,6,5
animal,2,horse,5,6,5
buildpart,5,window,5,6,5
clothing,6,shirt,4,6,5
kitchen,9,cup,2,6,5
vegetable,12,lettuce,4,6,5
kitchen,9,knife,4,6,5
insect,8,fly,5,6,5
clothing,6,pants,3,6,5
animal,2,cat,2,6,5
furniture,7,dresser,4,6,5
building,4,barn,2,6,5
building,4,church,3,6,5
furniture,7,table,5,6,5
bodypart,3,foot,3,6,5
furniture,7,desk,3,6,5
manmade,10,key,2,6,5
buildpart,5,door,4,6,5
vehicle,13,train,4,6,5
insect,8,bee,2,6,5
manmade,10,refrigerator,3,6,5
vehicle,13,truck,5,6,5
tool,11,hammer,2,6,5
vegetable,12,tomato,5,6,5
clothing,6,dress,2,6,5
insect,8,butterfly,4,6,5
animal,2,bear,1,6,5
vehicle,13,car,3,6,5
vegetable,12,celery,2,6,5
clothing,6,coat,1,6,5
kitchen,9,glass,3,6,5
vegetable,12,corn,3,6,5
furniture,7,chair,2,6,5
furniture,7,bed,1,6,5
clothing,6,skirt,5,6,5
insect,8,ant,1,6,5
vegetable,12,carrot,1,6,5
buildpart,5,chimney,2,6,5
tool,11,chisel,1,6,5
building,4,apartment,1,6,5
bodypart,3,leg,5,6,5
manmade,10,bell,1,6,5
bodypart,3,hand,4,6,5
tool,11,pliers,3,6,5
bodypart,3,eye,2,6,5
animal,2,dog,4,6,5
bodypart,3,arm,1,6,5
building,4,igloo,5,6,5
kitchen,9,spoon,5,6,5
manmade,10,telephone,4,6,5
tool,11,screwdriver,5,6,5
vehicle,13,airplane,1,6,5
manmade,10,watch,5,6,5
buildpart,5,arch,1,6,5
buildpart,5,closet,3,6,5
building,4,house,4,6,5
animal,2,cow,3,6,5
tool,11,saw,4,6,5
vehicle,13,bicycle,2,6,5
manmade,10,refrigerator,3,1,6
building,4,barn,2,1,6
manmade,10,bell,1,1,6
manmade,10,key,2,1,6
buildpart,5,window,5,1,6
tool,11,screwdriver,5,1,6
building,4,church,3,1,6
furniture,7,desk,3,1,6
animal,2,cow,3,1,6
kitchen,9,knife,4,1,6
vehicle,13,train,4,1,6
insect,8,beetle,3,1,6
vegetable,12,tomato,5,1,6
bodypart,3,foot,3,1,6
bodypart,3,eye,2,1,6
furniture,7,dresser,4,1,6
kitchen,9,spoon,5,1,6
vehicle,13,truck,5,1,6
building,4,apartment,1,1,6
clothing,6,pants,3,1,6
insect,8,ant,1,1,6
tool,11,saw,4,1,6
clothing,6,coat,1,1,6
buildpart,5,closet,3,1,6
clothing,6,dress,2,1,6
building,4,igloo,5,1,6
clothing,6,skirt,5,1,6
vegetable,12,corn,3,1,6
vehicle,13,airplane,1,1,6
vehicle,13,car,3,1,6
animal,2,bear,1,1,6
vegetable,12,celery,2,1,6
insect,8,butterfly,4,1,6
clothing,6,shirt,4,1,6
bodypart,3,arm,1,1,6
buildpart,5,arch,1,1,6
tool,11,pliers,3,1,6
kitchen,9,glass,3,1,6
building,4,house,4,1,6
kitchen,9,cup,2,1,6
animal,2,horse,5,1,6
kitchen,9,bottle,1,1,6
tool,11,chisel,1,1,6
animal,2,cat,2,1,6
insect,8,bee,2,1,6
vegetable,12,lettuce,4,1,6
vehicle,13,bicycle,2,1,6
bodypart,3,hand,4,1,6
furniture,7,chair,2,1,6
tool,11,hammer,2,1,6
buildpart,5,door,4,1,6
bodypart,3,leg,5,1,6
vegetable,12,carrot,1,1,6
manmade,10,watch,5,1,6
furniture,7,table,5,1,6
buildpart,5,chimney,2,1,6
furniture,7,bed,1,1,6
insect,8,fly,5,1,6
animal,2,dog,4,1,6
manmade,10,telephone,4,1,6
vehicle,13,train,4,2,6
bodypart,3,hand,4,2,6
animal,2,cat,2,2,6
vehicle,13,car,3,2,6
insect,8,beetle,3,2,6
tool,11,saw,4,2,6
animal,2,dog,4,2,6
bodypart,3,arm,1,2,6
kitchen,9,bottle,1,2,6
tool,11,hammer,2,2,6
kitchen,9,spoon,5,2,6
building,4,barn,2,2,6
manmade,10,key,2,2,6
building,4,igloo,5,2,6
building,4,apartment,1,2,6
tool,11,chisel,1,2,6
buildpart,5,window,5,2,6
buildpart,5,arch,1,2,6
clothing,6,coat,1,2,6
animal,2,cow,3,2,6
manmade,10,telephone,4,2,6
kitchen,9,cup,2,2,6
clothing,6,shirt,4,2,6
vegetable,12,carrot,1,2,6
vegetable,12,corn,3,2,6
furniture,7,desk,3,2,6
insect,8,butterfly,4,2,6
clothing,6,pants,3,2,6
bodypart,3,leg,5,2,6
furniture,7,chair,2,2,6
manmade,10,bell,1,2,6
tool,11,pliers,3,2,6
building,4,church,3,2,6
buildpart,5,chimney,2,2,6
buildpart,5,door,4,2,6
animal,2,bear,1,2,6
clothing,6,skirt,5,2,6
insect,8,ant,1,2,6
animal,2,horse,5,2,6
tool,11,screwdriver,5,2,6
furniture,7,table,5,2,6
insect,8,bee,2,2,6
clothing,6,dress,2,2,6
furniture,7,bed,1,2,6
furniture,7,dresser,4,2,6
vehicle,13,truck,5,2,6
insect,8,fly,5,2,6
bodypart,3,foot,3,2,6
building,4,house,4,2,6
kitchen,9,glass,3,2,6
vegetable,12,celery,2,2,6
buildpart,5,closet,3,2,6
vehicle,13,airplane,1,2,6
manmade,10,refrigerator,3,2,6
bodypart,3,eye,2,2,6
vegetable,12,tomato,5,2,6
kitchen,9,knife,4,2,6
manmade,10,watch,5,2,6
vehicle,13,bicycle,2,2,6
vegetable,12,lettuce,4,2,6
clothing,6,dress,2,3,6
animal,2,bear,1,3,6
vehicle,13,bicycle,2,3,6
animal,2,horse,5,3,6
tool,11,saw,4,3,6
buildpart,5,door,4,3,6
clothing,6,shirt,4,3,6
animal,2,cow,3,3,6
kitchen,9,knife,4,3,6
vehicle,13,truck,5,3,6
furniture,7,chair,2,3,6
insect,8,butterfly,4,3,6
building,4,house,4,3,6
bodypart,3,arm,1,3,6
bodypart,3,leg,5,3,6
manmade,10,key,2,3,6
manmade,10,refrigerator,3,3,6
kitchen,9,spoon,5,3,6
building,4,apartment,1,3,6
kitchen,9,bottle,1,3,6
manmade,10,watch,5,3,6
furniture,7,table,5,3,6
insect,8,bee,2,3,6
vegetable,12,lettuce,4,3,6
building,4,church,3,3,6
vehicle,13,airplane,1,3,6
insect,8,fly,5,3,6
tool,11,screwdriver,5,3,6
furniture,7,dresser,4,3,6
buildpart,5,window,5,3,6
vegetable,12,carrot,1,3,6
vehicle,13,car,3,3,6
bodypart,3,foot,3,3,6
buildpart,5,chimney,2,3,6
vegetable,12,celery,2,3,6
buildpart,5,closet,3,3,6
animal,2,cat,2,3,6
tool,11,chisel,1,3,6
tool,11,hammer,2,3,6
insect,8,beetle,3,3,6
clothing,6,skirt,5,3,6
building,4,barn,2,3,6
kitchen,9,cup,2,3,6
clothing,6,pants,3,3,6
furniture,7,bed,1,3,6
animal,2,dog,4,3,6
insect,8,ant,1,3,6
vehicle,13,train,4,3,6
buildpart,5,arch,1,3,6
furniture,7,desk,3,3,6
bodypart,3,hand,4,3,6
vegetable,12,corn,3,3,6
manmade,10,bell,1,3,6
vegetable,12,tomato,5,3,6
building,4,igloo,5,3,6
bodypart,3,eye,2,3,6
manmade,10,telephone,4,3,6
kitchen,9,glass,3,3,6
tool,11,pliers,3,3,6
clothing,6,coat,1,3,6
vehicle,13,airplane,1,4,6
clothing,6,pants,3,4,6
buildpart,5,closet,3,4,6
tool,11,screwdriver,5,4,6
furniture,7,dresser,4,4,6
manmade,10,refrigerator,3,4,6
manmade,10,telephone,4,4,6
vegetable,12,lettuce,4,4,6
building,4,barn,2,4,6
furniture,7,table,5,4,6
buildpart,5,window,5,4,6
manmade,10,key,2,4,6
bodypart,3,arm,1,4,6
vehicle,13,bicycle,2,4,6
furniture,7,chair,2,4,6
tool,11,hammer,2,4,6
kitchen,9,spoon,5,4,6
building,4,igloo,5,4,6
animal,2,horse,5,4,6
insect,8,beetle,3,4,6
clothing,6,coat,1,4,6
kitchen,9,cup,2,4,6
vegetable,12,corn,3,4,6
kitchen,9,bottle,1,4,6
building,4,apartment,1,4,6
building,4,church,3,4,6
manmade,10,bell,1,4,6
insect,8,ant,1,4,6
insect,8,butterfly,4,4,6
clothing,6,dress,2,4,6
vehicle,13,car,3,4,6
bodypart,3,hand,4,4,6
vegetable,12,tomato,5,4,6
kitchen,9,knife,4,4,6
furniture,7,bed,1,4,6
manmade,10,watch,5,4,6
tool,11,saw,4,4,6
bodypart,3,eye,2,4,6
insect,8,bee,2,4,6
kitchen,9,glass,3,4,6
bodypart,3,foot,3,4,6
buildpart,5,arch,1,4,6
buildpart,5,door,4,4,6
animal,2,cow,3,4,6
building,4,house,4,4,6
insect,8,fly,5,4,6
animal,2,bear,1,4,6
vegetable,12,celery,2,4,6
vegetable,12,carrot,1,4,6
vehicle,13,truck,5,4,6
animal,2,cat,2,4,6
buildpart,5,chimney,2,4,6
furniture,7,desk,3,4,6
clothing,6,skirt,5,4,6
vehicle,13,train,4,4,6
animal,2,dog,4,4,6
tool,11,chisel,1,4,6
bodypart,3,leg,5,4,6
tool,11,pliers,3,4,6
clothing,6,shirt,4,4,6
clothing,6,coat,1,5,6
animal,2,cat,2,5,6
bodypart,3,leg,5,5,6
animal,2,dog,4,5,6
bodypart,3,arm,1,5,6
clothing,6,skirt,5,5,6
building,4,church,3,5,6
vegetable,12,corn,3,5,6
furniture,7,table,5,5,6
animal,2,bear,1,5,6
tool,11,hammer,2,5,6
manmade,10,refrigerator,3,5,6
vegetable,12,lettuce,4,5,6
furniture,7,bed,1,5,6
bodypart,3,hand,4,5,6
vegetable,12,carrot,1,5,6
manmade,10,watch,5,5,6
buildpart,5,closet,3,5,6
vehicle,13,car,3,5,6
manmade,10,bell,1,5,6
building,4,igloo,5,5,6
vegetable,12,tomato,5,5,6
buildpart,5,door,4,5,6
tool,11,screwdriver,5,5,6
bodypart,3,foot,3,5,6
kitchen,9,glass,3,5,6
bodypart,3,eye,2,5,6
insect,8,ant,1,5,6
furniture,7,desk,3,5,6
furniture,7,dresser,4,5,6
animal,2,horse,5,5,6
insect,8,butterfly,4,5,6
animal,2,cow,3,5,6
kitchen,9,knife,4,5,6
vehicle,13,train,4,5,6
manmade,10,key,2,5,6
tool,11,chisel,1,5,6
kitchen,9,spoon,5,5,6
furniture,7,chair,2,5,6
buildpart,5,arch,1,5,6
vegetable,12,celery,2,5,6
vehicle,13,truck,5,5,6
building,4,house,4,5,6
kitchen,9,bottle,1,5,6
vehicle,13,bicycle,2,5,6
buildpart,5,chimney,2,5,6
insect,8,bee,2,5,6
vehicle,13,airplane,1,5,6
building,4,apartment,1,5,6
clothing,6,dress,2,5,6
tool,11,pliers,3,5,6
buildpart,5,window,5,5,6
kitchen,9,cup,2,5,6
clothing,6,pants,3,5,6
insect,8,beetle,3,5,6
manmade,10,telephone,4,5,6
building,4,barn,2,5,6
clothing,6,shirt,4,5,6
insect,8,fly,5,5,6
tool,11,saw,4,5,6
insect,8,beetle,3,6,6
kitchen,9,bottle,1,6,6
animal,2,horse,5,6,6
buildpart,5,window,5,6,6
clothing,6,shirt,4,6,6
kitchen,9,cup,2,6,6
vegetable,12,lettuce,4,6,6
kitchen,9,knife,4,6,6
insect,8,fly,5,6,6
clothing,6,pants,3,6,6
animal,2,cat,2,6,6
furniture,7,dresser,4,6,6
building,4,barn,2,6,6
building,4,church,3,6,6
furniture,7,table,5,6,6
bodypart,3,foot,3,6,6
furniture,7,desk,3,6,6
manmade,10,key,2,6,6
buildpart,5,door,4,6,6
vehicle,13,train,4,6,6
insect,8,bee,2,6,6
manmade,10,refrigerator,3,6,6
vehicle,13,truck,5,6,6
tool,11,hammer,2,6,6
vegetable,12,tomato,5,6,6
clothing,6,dress,2,6,6
insect,8,butterfly,4,6,6
animal,2,bear,1,6,6
vehicle,13,car,3,6,6
vegetable,12,celery,2,6,6
clothing,6,coat,1,6,6
kitchen,9,glass,3,6,6
vegetable,12,corn,3,6,6
furniture,7,chair,2,6,6
furniture,7,bed,1,6,6
clothing,6,skirt,5,6,6
insect,8,ant,1,6,6
vegetable,12,carrot,1,6,6
buildpart,5,chimney,2,6,6
tool,11,chisel,1,6,6
building,4,apartment,1,6,6
bodypart,3,leg,5,6,6
manmade,10,bell,1,6,6
bodypart,3,hand,4,6,6
tool,11,pliers,3,6,6
bodypart,3,eye,2,6,6
animal,2,dog,4,6,6
bodypart,3,arm,1,6,6
building,4,igloo,5,6,6
kitchen,9,spoon,5,6,6
manmade,10,telephone,4,6,6
tool,11,screwdriver,5,6,6
vehicle,13,airplane,1,6,6
manmade,10,watch,5,6,6
buildpart,5,arch,1,6,6
buildpart,5,closet,3,6,6
building,4,house,4,6,6
animal,2,cow,3,6,6
tool,11,saw,4,6,6
vehicle,13,bicycle,2,6,6
manmade,10,refrigerator,3,1,7
building,4,barn,2,1,7
manmade,10,bell,1,1,7
manmade,10,key,2,1,7
buildpart,5,window,5,1,7
tool,11,screwdriver,5,1,7
building,4,church,3,1,7
furniture,7,desk,3,1,7
animal,2,cow,3,1,7
kitchen,9,knife,4,1,7
vehicle,13,train,4,1,7
insect,8,beetle,3,1,7
vegetable,12,tomato,5,1,7
bodypart,3,foot,3,1,7
bodypart,3,eye,2,1,7
furniture,7,dresser,4,1,7
kitchen,9,spoon,5,1,7
vehicle,13,truck,5,1,7
building,4,apartment,1,1,7
clothing,6,pants,3,1,7
insect,8,ant,1,1,7
tool,11,saw,4,1,7
clothing,6,coat,1,1,7
buildpart,5,closet,3,1,7
clothing,6,dress,2,1,7
building,4,igloo,5,1,7
clothing,6,skirt,5,1,7
vegetable,12,corn,3,1,7
vehicle,13,airplane,1,1,7
vehicle,13,car,3,1,7
animal,2,bear,1,1,7
vegetable,12,celery,2,1,7
insect,8,butterfly,4,1,7
clothing,6,shirt,4,1,7
bodypart,3,arm,1,1,7
buildpart,5,arch,1,1,7
tool,11,pliers,3,1,7
kitchen,9,glass,3,1,7
building,4,house,4,1,7
kitchen,9,cup,2,1,7
animal,2,horse,5,1,7
kitchen,9,bottle,1,1,7
tool,11,chisel,1,1,7
animal,2,cat,2,1,7
insect,8,bee,2,1,7
vegetable,12,lettuce,4,1,7
vehicle,13,bicycle,2,1,7
bodypart,3,hand,4,1,7
furniture,7,chair,2,1,7
tool,11,hammer,2,1,7
buildpart,5,door,4,1,7
bodypart,3,leg,5,1,7
vegetable,12,carrot,1,1,7
manmade,10,watch,5,1,7
furniture,7,table,5,1,7
buildpart,5,chimney,2,1,7
furniture,7,bed,1,1,7
insect,8,fly,5,1,7
animal,2,dog,4,1,7
manmade,10,telephone,4,1,7
vehicle,13,train,4,2,7
bodypart,3,hand,4,2,7
animal,2,cat,2,2,7
vehicle,13,car,3,2,7
insect,8,beetle,3,2,7
tool,11,saw,4,2,7
animal,2,dog,4,2,7
bodypart,3,arm,1,2,7
kitchen,9,bottle,1,2,7
tool,11,hammer,2,2,7
kitchen,9,spoon,5,2,7
building,4,barn,2,2,7
manmade,10,key,2,2,7
building,4,igloo,5,2,7
building,4,apartment,1,2,7
tool,11,chisel,1,2,7
buildpart,5,window,5,2,7
buildpart,5,arch,1,2,7
clothing,6,coat,1,2,7
animal,2,cow,3,2,7
manmade,10,telephone,4,2,7
kitchen,9,cup,2,2,7
clothing,6,shirt,4,2,7
vegetable,12,carrot,1,2,7
vegetable,12,corn,3,2,7
furniture,7,desk,3,2,7
insect,8,butterfly,4,2,7
clothing,6,pants,3,2,7
bodypart,3,leg,5,2,7
furniture,7,chair,2,2,7
manmade,10,bell,1,2,7
tool,11,pliers,3,2,7
building,4,church,3,2,7
buildpart,5,chimney,2,2,7
buildpart,5,door,4,2,7
animal,2,bear,1,2,7
clothing,6,skirt,5,2,7
insect,8,ant,1,2,7
animal,2,horse,5,2,7
tool,11,screwdriver,5,2,7
furniture,7,table,5,2,7
insect,8,bee,2,2,7
clothing,6,dress,2,2,7
furniture,7,bed,1,2,7
furniture,7,dresser,4,2,7
vehicle,13,truck,5,2,7
insect,8,fly,5,2,7
bodypart,3,foot,3,2,7
building,4,house,4,2,7
kitchen,9,glass,3,2,7
vegetable,12,celery,2,2,7
buildpart,5,closet,3,2,7
vehicle,13,airplane,1,2,7
manmade,10,refrigerator,3,2,7
bodypart,3,eye,2,2,7
vegetable,12,tomato,5,2,7
kitchen,9,knife,4,2,7
manmade,10,watch,5,2,7
vehicle,13,bicycle,2,2,7
vegetable,12,lettuce,4,2,7
clothing,6,dress,2,3,7
animal,2,bear,1,3,7
vehicle,13,bicycle,2,3,7
animal,2,horse,5,3,7
tool,11,saw,4,3,7
buildpart,5,door,4,3,7
clothing,6,shirt,4,3,7
animal,2,cow,3,3,7
kitchen,9,knife,4,3,7
vehicle,13,truck,5,3,7
furniture,7,chair,2,3,7
insect,8,butterfly,4,3,7
building,4,house,4,3,7
bodypart,3,arm,1,3,7
bodypart,3,leg,5,3,7
manmade,10,key,2,3,7
manmade,10,refrigerator,3,3,7
kitchen,9,spoon,5,3,7
building,4,apartment,1,3,7
kitchen,9,bottle,1,3,7
manmade,10,watch,5,3,7
furniture,7,table,5,3,7
insect,8,bee,2,3,7
vegetable,12,lettuce,4,3,7
building,4,church,3,3,7
vehicle,13,airplane,1,3,7
insect,8,fly,5,3,7
tool,11,screwdriver,5,3,7
furniture,7,dresser,4,3,7
buildpart,5,window,5,3,7
vegetable,12,carrot,1,3,7
vehicle,13,car,3,3,7
bodypart,3,foot,3,3,7
buildpart,5,chimney,2,3,7
vegetable,12,celery,2,3,7
buildpart,5,closet,3,3,7
animal,2,cat,2,3,7
tool,11,chisel,1,3,7
tool,11,hammer,2,3,7
insect,8,beetle,3,3,7
clothing,6,skirt,5,3,7
building,4,barn,2,3,7
kitchen,9,cup,2,3,7
clothing,6,pants,3,3,7
furniture,7,bed,1,3,7
animal,2,dog,4,3,7
insect,8,ant,1,3,7
vehicle,13,train,4,3,7
buildpart,5,arch,1,3,7
furniture,7,desk,3,3,7
bodypart,3,hand,4,3,7
vegetable,12,corn,3,3,7
manmade,10,bell,1,3,7
vegetable,12,tomato,5,3,7
building,4,igloo,5,3,7
bodypart,3,eye,2,3,7
manmade,10,telephone,4,3,7
kitchen,9,glass,3,3,7
tool,11,pliers,3,3,7
clothing,6,coat,1,3,7
vehicle,13,airplane,1,4,7
clothing,6,pants,3,4,7
buildpart,5,closet,3,4,7
tool,11,screwdriver,5,4,7
furniture,7,dresser,4,4,7
manmade,10,refrigerator,3,4,7
manmade,10,telephone,4,4,7
vegetable,12,lettuce,4,4,7
building,4,barn,2,4,7
furniture,7,table,5,4,7
buildpart,5,window,5,4,7
manmade,10,key,2,4,7
bodypart,3,arm,1,4,7
vehicle,13,bicycle,2,4,7
furniture,7,chair,2,4,7
tool,11,hammer,2,4,7
kitchen,9,spoon,5,4,7
building,4,igloo,5,4,7
animal,2,horse,5,4,7
insect,8,beetle,3,4,7
clothing,6,coat,1,4,7
kitchen,9,cup,2,4,7
vegetable,12,corn,3,4,7
kitchen,9,bottle,1,4,7
building,4,apartment,1,4,7
building,4,church,3,4,7
manmade,10,bell,1,4,7
insect,8,ant,1,4,7
insect,8,butterfly,4,4,7
clothing,6,dress,2,4,7
vehicle,13,car,3,4,7
bodypart,3,hand,4,4,7
vegetable,12,tomato,5,4,7
kitchen,9,knife,4,4,7
furniture,7,bed,1,4,7
manmade,10,watch,5,4,7
tool,11,saw,4,4,7
bodypart,3,eye,2,4,7
insect,8,bee,2,4,7
kitchen,9,glass,3,4,7
bodypart,3,foot,3,4,7
buildpart,5,arch,1,4,7
buildpart,5,door,4,4,7
animal,2,cow,3,4,7
building,4,house,4,4,7
insect,8,fly,5,4,7
animal,2,bear,1,4,7
vegetable,12,celery,2,4,7
vegetable,12,carrot,1,4,7
vehicle,13,truck,5,4,7
animal,2,cat,2,4,7
buildpart,5,chimney,2,4,7
furniture,7,desk,3,4,7
clothing,6,skirt,5,4,7
vehicle,13,train,4,4,7
animal,2,dog,4,4,7
tool,11,chisel,1,4,7
bodypart,3,leg,5,4,7
tool,11,pliers,3,4,7
clothing,6,shirt,4,4,7
clothing,6,coat,1,5,7
animal,2,cat,2,5,7
bodypart,3,leg,5,5,7
animal,2,dog,4,5,7
bodypart,3,arm,1,5,7
clothing,6,skirt,5,5,7
building,4,church,3,5,7
vegetable,12,corn,3,5,7
furniture,7,table,5,5,7
animal,2,bear,1,5,7
tool,11,hammer,2,5,7
manmade,10,refrigerator,3,5,7
vegetable,12,lettuce,4,5,7
furniture,7,bed,1,5,7
bodypart,3,hand,4,5,7
vegetable,12,carrot,1,5,7
manmade,10,watch,5,5,7
buildpart,5,closet,3,5,7
vehicle,13,car,3,5,7
manmade,10,bell,1,5,7
building,4,igloo,5,5,7
vegetable,12,tomato,5,5,7
buildpart,5,door,4,5,7
tool,11,screwdriver,5,5,7
bodypart,3,foot,3,5,7
kitchen,9,glass,3,5,7
bodypart,3,eye,2,5,7
insect,8,ant,1,5,7
furniture,7,desk,3,5,7
furniture,7,dresser,4,5,7
animal,2,horse,5,5,7
insect,8,butterfly,4,5,7
animal,2,cow,3,5,7
kitchen,9,knife,4,5,7
vehicle,13,train,4,5,7
manmade,10,key,2,5,7
tool,11,chisel,1,5,7
kitchen,9,spoon,5,5,7
furniture,7,chair,2,5,7
buildpart,5,arch,1,5,7
vegetable,12,celery,2,5,7
vehicle,13,truck,5,5,7
building,4,house,4,5,7
kitchen,9,bottle,1,5,7
vehicle,13,bicycle,2,5,7
buildpart,5,chimney,2,5,7
insect,8,bee,2,5,7
vehicle,13,airplane,1,5,7
building,4,apartment,1,5,7
clothing,6,dress,2,5,7
tool,11,pliers,3,5,7
buildpart,5,window,5,5,7
kitchen,9,cup,2,5,7
clothing,6,pants,3,5,7
insect,8,beetle,3,5,7
manmade,10,telephone,4,5,7
building,4,barn,2,5,7
clothing,6,shirt,4,5,7
insect,8,fly,5,5,7
tool,11,saw,4,5,7
insect,8,beetle,3,6,7
kitchen,9,bottle,1,6,7
animal,2,horse,5,6,7
buildpart,5,window,5,6,7
clothing,6,shirt,4,6,7
kitchen,9,cup,2,6,7
vegetable,12,lettuce,4,6,7
kitchen,9,knife,4,6,7
insect,8,fly,5,6,7
clothing,6,pants,3,6,7
animal,2,cat,2,6,7
furniture,7,dresser,4,6,7
building,4,barn,2,6,7
building,4,church,3,6,7
furniture,7,table,5,6,7
bodypart,3,foot,3,6,7
furniture,7,desk,3,6,7
manmade,10,key,2,6,7
buildpart,5,door,4,6,7
vehicle,13,train,4,6,7
insect,8,bee,2,6,7
manmade,10,refrigerator,3,6,7
vehicle,13,truck,5,6,7
tool,11,hammer,2,6,7
vegetable,12,tomato,5,6,7
clothing,6,dress,2,6,7
insect,8,butterfly,4,6,7
animal,2,bear,1,6,7
vehicle,13,car,3,6,7
vegetable,12,celery,2,6,7
clothing,6,coat,1,6,7
kitchen,9,glass,3,6,7
vegetable,12,corn,3,6,7
furniture,7,chair,2,6,7
furniture,7,bed,1,6,7
clothing,6,skirt,5,6,7
insect,8,ant,1,6,7
vegetable,12,carrot,1,6,7
buildpart,5,chimney,2,6,7
tool,11,chisel,1,6,7
building,4,apartment,1,6,7
bodypart,3,leg,5,6,7
manmade,10,bell,1,6,7
bodypart,3,hand,4,6,7
tool,11,pliers,3,6,7
bodypart,3,eye,2,6,7
animal,2,dog,4,6,7
bodypart,3,arm,1,6,7
building,4,igloo,5,6,7
kitchen,9,spoon,5,6,7
manmade,10,telephone,4,6,7
tool,11,screwdriver,5,6,7
vehicle,13,airplane,1,6,7
manmade,10,watch,5,6,7
buildpart,5,arch,1,6,7
buildpart,5,closet,3,6,7
building,4,house,4,6,7
animal,2,cow,3,6,7
tool,11,saw,4,6,7
vehicle,13,bicycle,2,6,7
manmade,10,refrigerator,3,1,8
building,4,barn,2,1,8
manmade,10,bell,1,1,8
manmade,10,key,2,1,8
buildpart,5,window,5,1,8
tool,11,screwdriver,5,1,8
building,4,church,3,1,8
furniture,7,desk,3,1,8
animal,2,cow,3,1,8
kitchen,9,knife,4,1,8
vehicle,13,train,4,1,8
insect,8,beetle,3,1,8
vegetable,12,tomato,5,1,8
bodypart,3,foot,3,1,8
bodypart,3,eye,2,1,8
furniture,7,dresser,4,1,8
kitchen,9,spoon,5,1,8
vehicle,13,truck,5,1,8
building,4,apartment,1,1,8
clothing,6,pants,3,1,8
insect,8,ant,1,1,8
tool,11,saw,4,1,8
clothing,6,coat,1,1,8
buildpart,5,closet,3,1,8
clothing,6,dress,2,1,8
building,4,igloo,5,1,8
clothing,6,skirt,5,1,8
vegetable,12,corn,3,1,8
vehicle,13,airplane,1,1,8
vehicle,13,car,3,1,8
animal,2,bear,1,1,8
vegetable,12,celery,2,1,8
insect,8,butterfly,4,1,8
clothing,6,shirt,4,1,8
bodypart,3,arm,1,1,8
buildpart,5,arch,1,1,8
tool,11,pliers,3,1,8
kitchen,9,glass,3,1,8
building,4,house,4,1,8
kitchen,9,cup,2,1,8
animal,2,horse,5,1,8
kitchen,9,bottle,1,1,8
tool,11,chisel,1,1,8
animal,2,cat,2,1,8
insect,8,bee,2,1,8
vegetable,12,lettuce,4,1,8
vehicle,13,bicycle,2,1,8
bodypart,3,hand,4,1,8
furniture,7,chair,2,1,8
tool,11,hammer,2,1,8
buildpart,5,door,4,1,8
bodypart,3,leg,5,1,8
vegetable,12,carrot,1,1,8
manmade,10,watch,5,1,8
furniture,7,table,5,1,8
buildpart,5,chimney,2,1,8
furniture,7,bed,1,1,8
insect,8,fly,5,1,8
animal,2,dog,4,1,8
manmade,10,telephone,4,1,8
vehicle,13,train,4,2,8
bodypart,3,hand,4,2,8
animal,2,cat,2,2,8
vehicle,13,car,3,2,8
insect,8,beetle,3,2,8
tool,11,saw,4,2,8
animal,2,dog,4,2,8
bodypart,3,arm,1,2,8
kitchen,9,bottle,1,2,8
tool,11,hammer,2,2,8
kitchen,9,spoon,5,2,8
building,4,barn,2,2,8
manmade,10,key,2,2,8
building,4,igloo,5,2,8
building,4,apartment,1,2,8
tool,11,chisel,1,2,8
buildpart,5,window,5,2,8
buildpart,5,arch,1,2,8
clothing,6,coat,1,2,8
animal,2,cow,3,2,8
manmade,10,telephone,4,2,8
kitchen,9,cup,2,2,8
clothing,6,shirt,4,2,8
vegetable,12,carrot,1,2,8
vegetable,12,corn,3,2,8
furniture,7,desk,3,2,8
insect,8,butterfly,4,2,8
clothing,6,pants,3,2,8
bodypart,3,leg,5,2,8
furniture,7,chair,2,2,8
manmade,10,bell,1,2,8
tool,11,pliers,3,2,8
building,4,church,3,2,8
buildpart,5,chimney,2,2,8
buildpart,5,door,4,2,8
animal,2,bear,1,2,8
clothing,6,skirt,5,2,8
insect,8,ant,1,2,8
animal,2,horse,5,2,8
tool,11,screwdriver,5,2,8
furniture,7,table,5,2,8
insect,8,bee,2,2,8
clothing,6,dress,2,2,8
furniture,7,bed,1,2,8
furniture,7,dresser,4,2,8
vehicle,13,truck,5,2,8
insect,8,fly,5,2,8
bodypart,3,foot,3,2,8
building,4,house,4,2,8
kitchen,9,glass,3,2,8
vegetable,12,celery,2,2,8
buildpart,5,closet,3,2,8
vehicle,13,airplane,1,2,8
manmade,10,refrigerator,3,2,8
bodypart,3,eye,2,2,8
vegetable,12,tomato,5,2,8
kitchen,9,knife,4,2,8
manmade,10,watch,5,2,8
vehicle,13,bicycle,2,2,8
vegetable,12,lettuce,4,2,8
clothing,6,dress,2,3,8
animal,2,bear,1,3,8
vehicle,13,bicycle,2,3,8
animal,2,horse,5,3,8
tool,11,saw,4,3,8
buildpart,5,door,4,3,8
clothing,6,shirt,4,3,8
animal,2,cow,3,3,8
kitchen,9,knife,4,3,8
vehicle,13,truck,5,3,8
furniture,7,chair,2,3,8
insect,8,butterfly,4,3,8
building,4,house,4,3,8
bodypart,3,arm,1,3,8
bodypart,3,leg,5,3,8
manmade,10,key,2,3,8
manmade,10,refrigerator,3,3,8
kitchen,9,spoon,5,3,8
building,4,apartment,1,3,8
kitchen,9,bottle,1,3,8
manmade,10,watch,5,3,8
furniture,7,table,5,3,8
insect,8,bee,2,3,8
vegetable,12,lettuce,4,3,8
building,4,church,3,3,8
vehicle,13,airplane,1,3,8
insect,8,fly,5,3,8
tool,11,screwdriver,5,3,8
furniture,7,dresser,4,3,8
buildpart,5,window,5,3,8
vegetable,12,carrot,1,3,8
vehicle,13,car,3,3,8
bodypart,3,foot,3,3,8
buildpart,5,chimney,2,3,8
vegetable,12,celery,2,3,8
buildpart,5,closet,3,3,8
animal,2,cat,2,3,8
tool,11,chisel,1,3,8
tool,11,hammer,2,3,8
insect,8,beetle,3,3,8
clothing,6,skirt,5,3,8
building,4,barn,2,3,8
kitchen,9,cup,2,3,8
clothing,6,pants,3,3,8
furniture,7,bed,1,3,8
animal,2,dog,4,3,8
insect,8,ant,1,3,8
vehicle,13,train,4,3,8
buildpart,5,arch,1,3,8
furniture,7,desk,3,3,8
bodypart,3,hand,4,3,8
vegetable,12,corn,3,3,8
manmade,10,bell,1,3,8
vegetable,12,tomato,5,3,8
building,4,igloo,5,3,8
bodypart,3,eye,2,3,8
manmade,10,telephone,4,3,8
kitchen,9,glass,3,3,8
tool,11,pliers,3,3,8
clothing,6,coat,1,3,8
vehicle,13,airplane,1,4,8
clothing,6,pants,3,4,8
buildpart,5,closet,3,4,8
tool,11,screwdriver,5,4,8
furniture,7,dresser,4,4,8
manmade,10,refrigerator,3,4,8
manmade,10,telephone,4,4,8
vegetable,12,lettuce,4,4,8
building,4,barn,2,4,8
furniture,7,table,5,4,8
buildpart,5,window,5,4,8
manmade,10,key,2,4,8
bodypart,3,arm,1,4,8
vehicle,13,bicycle,2,4,8
furniture,7,chair,2,4,8
tool,11,hammer,2,4,8
kitchen,9,spoon,5,4,8
building,4,igloo,5,4,8
animal,2,horse,5,4,8
insect,8,beetle,3,4,8
clothing,6,coat,1,4,8
kitchen,9,cup,2,4,8
vegetable,12,corn,3,4,8
kitchen,9,bottle,1,4,8
building,4,apartment,1,4,8
building,4,church,3,4,8
manmade,10,bell,1,4,8
insect,8,ant,1,4,8
insect,8,butterfly,4,4,8
clothing,6,dress,2,4,8
vehicle,13,car,3,4,8
bodypart,3,hand,4,4,8
vegetable,12,tomato,5,4,8
kitchen,9,knife,4,4,8
furniture,7,bed,1,4,8
manmade,10,watch,5,4,8
tool,11,saw,4,4,8
bodypart,3,eye,2,4,8
insect,8,bee,2,4,8
kitchen,9,glass,3,4,8
bodypart,3,foot,3,4,8
buildpart,5,arch,1,4,8
buildpart,5,door,4,4,8
animal,2,cow,3,4,8
building,4,house,4,4,8
insect,8,fly,5,4,8
animal,2,bear,1,4,8
vegetable,12,celery,2,4,8
vegetable,12,carrot,1,4,8
vehicle,13,truck,5,4,8
animal,2,cat,2,4,8
buildpart,5,chimney,2,4,8
furniture,7,desk,3,4,8
clothing,6,skirt,5,4,8
vehicle,13,train,4,4,8
animal,2,dog,4,4,8
tool,11,chisel,1,4,8
bodypart,3,leg,5,4,8
tool,11,pliers,3,4,8
clothing,6,shirt,4,4,8
clothing,6,coat,1,5,8
animal,2,cat,2,5,8
bodypart,3,leg,5,5,8
animal,2,dog,4,5,8
bodypart,3,arm,1,5,8
clothing,6,skirt,5,5,8
building,4,church,3,5,8
vegetable,12,corn,3,5,8
furniture,7,table,5,5,8
animal,2,bear,1,5,8
tool,11,hammer,2,5,8
manmade,10,refrigerator,3,5,8
vegetable,12,lettuce,4,5,8
furniture,7,bed,1,5,8
bodypart,3,hand,4,5,8
vegetable,12,carrot,1,5,8
manmade,10,watch,5,5,8
buildpart,5,closet,3,5,8
vehicle,13,car,3,5,8
manmade,10,bell,1,5,8
building,4,igloo,5,5,8
vegetable,12,tomato,5,5,8
buildpart,5,door,4,5,8
tool,11,screwdriver,5,5,8
bodypart,3,foot,3,5,8
kitchen,9,glass,3,5,8
bodypart,3,eye,2,5,8
insect,8,ant,1,5,8
furniture,7,desk,3,5,8
furniture,7,dresser,4,5,8
animal,2,horse,5,5,8
insect,8,butterfly,4,5,8
animal,2,cow,3,5,8
kitchen,9,knife,4,5,8
vehicle,13,train,4,5,8
manmade,10,key,2,5,8
tool,11,chisel,1,5,8
kitchen,9,spoon,5,5,8
furniture,7,chair,2,5,8
buildpart,5,arch,1,5,8
vegetable,12,celery,2,5,8
vehicle,13,truck,5,5,8
building,4,house,4,5,8
kitchen,9,bottle,1,5,8
vehicle,13,bicycle,2,5,8
buildpart,5,chimney,2,5,8
insect,8,bee,2,5,8
vehicle,13,airplane,1,5,8
building,4,apartment,1,5,8
clothing,6,dress,2,5,8
tool,11,pliers,3,5,8
buildpart,5,window,5,5,8
kitchen,9,cup,2,5,8
clothing,6,pants,3,5,8
insect,8,beetle,3,5,8
manmade,10,telephone,4,5,8
building,4,barn,2,5,8
clothing,6,shirt,4,5,8
insect,8,fly,5,5,8
tool,11,saw,4,5,8
insect,8,beetle,3,6,8
kitchen,9,bottle,1,6,8
animal,2,horse,5,6,8
buildpart,5,window,5,6,8
clothing,6,shirt,4,6,8
kitchen,9,cup,2,6,8
vegetable,12,lettuce,4,6,8
kitchen,9,knife,4,6,8
insect,8,fly,5,6,8
clothing,6,pants,3,6,8
animal,2,cat,2,6,8
furniture,7,dresser,4,6,8
building,4,barn,2,6,8
building,4,church,3,6,8
furniture,7,table,5,6,8
bodypart,3,foot,3,6,8
furniture,7,desk,3,6,8
manmade,10,key,2,6,8
buildpart,5,door,4,6,8
vehicle,13,train,4,6,8
insect,8,bee,2,6,8
manmade,10,refrigerator,3,6,8
vehicle,13,truck,5,6,8
tool,11,hammer,2,6,8
vegetable,12,tomato,5,6,8
clothing,6,dress,2,6,8
insect,8,butterfly,4,6,8
animal,2,bear,1,6,8
vehicle,13,car,3,6,8
vegetable,12,celery,2,6,8
clothing,6,coat,1,6,8
kitchen,9,glass,3,6,8
vegetable,12,corn,3,6,8
furniture,7,chair,2,6,8
furniture,7,bed,1,6,8
clothing,6,skirt,5,6,8
insect,8,ant,1,6,8
vegetable,12,carrot,1,6,8
buildpart,5,chimney,2,6,8
tool,11,chisel,1,6,8
building,4,apartment,1,6,8
bodypart,3,leg,5,6,8
manmade,10,bell,1,6,8
bodypart,3,hand,4,6,8
tool,11,pliers,3,6,8
bodypart,3,eye,2,6,8
animal,2,dog,4,6,8
bodypart,3,arm,1,6,8
building,4,igloo,5,6,8
kitchen,9,spoon,5,6,8
manmade,10,telephone,4,6,8
tool,11,screwdriver,5,6,8
vehicle,13,airplane,1,6,8
manmade,10,watch,5,6,8
buildpart,5,arch,1,6,8
buildpart,5,closet,3,6,8
building,4,house,4,6,8
animal,2,cow,3,6,8
tool,11,saw,4,6,8
manmade,10,refrigerator,3,1,9
building,4,barn,2,1,9
manmade,10,bell,1,1,9
manmade,10,key,2,1,9
buildpart,5,window,5,1,9
tool,11,screwdriver,5,1,9
building,4,church,3,1,9
furniture,7,desk,3,1,9
animal,2,cow,3,1,9
kitchen,9,knife,4,1,9
vehicle,13,train,4,1,9
insect,8,beetle,3,1,9
vegetable,12,tomato,5,1,9
bodypart,3,foot,3,1,9
bodypart,3,eye,2,1,9
furniture,7,dresser,4,1,9
kitchen,9,spoon,5,1,9
vehicle,13,truck,5,1,9
building,4,apartment,1,1,9
clothing,6,pants,3,1,9
insect,8,ant,1,1,9
tool,11,saw,4,1,9
clothing,6,coat,1,1,9
buildpart,5,closet,3,1,9
clothing,6,dress,2,1,9
building,4,igloo,5,1,9
clothing,6,skirt,5,1,9
vegetable,12,corn,3,1,9
vehicle,13,airplane,1,1,9
vehicle,13,car,3,1,9
animal,2,bear,1,1,9
vegetable,12,celery,2,1,9
insect,8,butterfly,4,1,9
clothing,6,shirt,4,1,9
bodypart,3,arm,1,1,9
buildpart,5,arch,1,1,9
tool,11,pliers,3,1,9
kitchen,9,glass,3,1,9
building,4,house,4,1,9
kitchen,9,cup,2,1,9
animal,2,horse,5,1,9
kitchen,9,bottle,1,1,9
tool,11,chisel,1,1,9
animal,2,cat,2,1,9
insect,8,bee,2,1,9
vegetable,12,lettuce,4,1,9
vehicle,13,bicycle,2,1,9
bodypart,3,hand,4,1,9
furniture,7,chair,2,1,9
tool,11,hammer,2,1,9
buildpart,5,door,4,1,9
bodypart,3,leg,5,1,9
vegetable,12,carrot,1,1,9
manmade,10,watch,5,1,9
furniture,7,table,5,1,9
buildpart,5,chimney,2,1,9
furniture,7,bed,1,1,9
insect,8,fly,5,1,9
animal,2,dog,4,1,9
manmade,10,telephone,4,1,9
vehicle,13,train,4,2,9
bodypart,3,hand,4,2,9
animal,2,cat,2,2,9
vehicle,13,car,3,2,9
insect,8,beetle,3,2,9
tool,11,saw,4,2,9
animal,2,dog,4,2,9
bodypart,3,arm,1,2,9
kitchen,9,bottle,1,2,9
tool,11,hammer,2,2,9
kitchen,9,spoon,5,2,9
building,4,barn,2,2,9
manmade,10,key,2,2,9
building,4,igloo,5,2,9
building,4,apartment,1,2,9
tool,11,chisel,1,2,9
buildpart,5,window,5,2,9
buildpart,5,arch,1,2,9
clothing,6,coat,1,2,9
animal,2,cow,3,2,9
manmade,10,telephone,4,2,9
kitchen,9,cup,2,2,9
clothing,6,shirt,4,2,9
vegetable,12,carrot,1,2,9
vegetable,12,corn,3,2,9
furniture,7,desk,3,2,9
insect,8,butterfly,4,2,9
clothing,6,pants,3,2,9
bodypart,3,leg,5,2,9
furniture,7,chair,2,2,9
manmade,10,bell,1,2,9
tool,11,pliers,3,2,9
building,4,church,3,2,9
buildpart,5,chimney,2,2,9
buildpart,5,door,4,2,9
animal,2,bear,1,2,9
clothing,6,skirt,5,2,9
insect,8,ant,1,2,9
animal,2,horse,5,2,9
tool,11,screwdriver,5,2,9
furniture,7,table,5,2,9
insect,8,bee,2,2,9
clothing,6,dress,2,2,9
furniture,7,bed,1,2,9
furniture,7,dresser,4,2,9
vehicle,13,truck,5,2,9
insect,8,fly,5,2,9
bodypart,3,foot,3,2,9
building,4,house,4,2,9
kitchen,9,glass,3,2,9
vegetable,12,celery,2,2,9
buildpart,5,closet,3,2,9
vehicle,13,airplane,1,2,9
manmade,10,refrigerator,3,2,9
bodypart,3,eye,2,2,9
vegetable,12,tomato,5,2,9
kitchen,9,knife,4,2,9
manmade,10,watch,5,2,9
vehicle,13,bicycle,2,2,9
vegetable,12,lettuce,4,2,9
clothing,6,dress,2,3,9
animal,2,bear,1,3,9
vehicle,13,bicycle,2,3,9
animal,2,horse,5,3,9
tool,11,saw,4,3,9
buildpart,5,door,4,3,9
clothing,6,shirt,4,3,9
animal,2,cow,3,3,9
kitchen,9,knife,4,3,9
vehicle,13,truck,5,3,9
furniture,7,chair,2,3,9
insect,8,butterfly,4,3,9
building,4,house,4,3,9
bodypart,3,arm,1,3,9
bodypart,3,leg,5,3,9
manmade,10,key,2,3,9
manmade,10,refrigerator,3,3,9
kitchen,9,spoon,5,3,9
building,4,apartment,1,3,9
kitchen,9,bottle,1,3,9
manmade,10,watch,5,3,9
furniture,7,table,5,3,9
insect,8,bee,2,3,9
vegetable,12,lettuce,4,3,9
building,4,church,3,3,9
vehicle,13,airplane,1,3,9
insect,8,fly,5,3,9
tool,11,screwdriver,5,3,9
furniture,7,dresser,4,3,9
buildpart,5,window,5,3,9
vegetable,12,carrot,1,3,9
vehicle,13,car,3,3,9
bodypart,3,foot,3,3,9
buildpart,5,chimney,2,3,9
vegetable,12,celery,2,3,9
buildpart,5,closet,3,3,9
animal,2,cat,2,3,9
tool,11,chisel,1,3,9
tool,11,hammer,2,3,9
insect,8,beetle,3,3,9
clothing,6,skirt,5,3,9
building,4,barn,2,3,9
kitchen,9,cup,2,3,9
clothing,6,pants,3,3,9
furniture,7,bed,1,3,9
animal,2,dog,4,3,9
insect,8,ant,1,3,9
vehicle,13,train,4,3,9
buildpart,5,arch,1,3,9
furniture,7,desk,3,3,9
bodypart,3,hand,4,3,9
vegetable,12,corn,3,3,9
manmade,10,bell,1,3,9
vegetable,12,tomato,5,3,9
building,4,igloo,5,3,9
bodypart,3,eye,2,3,9
manmade,10,telephone,4,3,9
kitchen,9,glass,3,3,9
tool,11,pliers,3,3,9
clothing,6,coat,1,3,9
vehicle,13,airplane,1,4,9
clothing,6,pants,3,4,9
buildpart,5,closet,3,4,9
tool,11,screwdriver,5,4,9
furniture,7,dresser,4,4,9
manmade,10,refrigerator,3,4,9
manmade,10,telephone,4,4,9
vegetable,12,lettuce,4,4,9
building,4,barn,2,4,9
furniture,7,table,5,4,9
buildpart,5,window,5,4,9
manmade,10,key,2,4,9
bodypart,3,arm,1,4,9
vehicle,13,bicycle,2,4,9
furniture,7,chair,2,4,9
tool,11,hammer,2,4,9
kitchen,9,spoon,5,4,9
building,4,igloo,5,4,9
animal,2,horse,5,4,9
insect,8,beetle,3,4,9
clothing,6,coat,1,4,9
kitchen,9,cup,2,4,9
vegetable,12,corn,3,4,9
kitchen,9,bottle,1,4,9
building,4,apartment,1,4,9
building,4,church,3,4,9
manmade,10,bell,1,4,9
insect,8,ant,1,4,9
insect,8,butterfly,4,4,9
clothing,6,dress,2,4,9
vehicle,13,car,3,4,9
bodypart,3,hand,4,4,9
vegetable,12,tomato,5,4,9
kitchen,9,knife,4,4,9
furniture,7,bed,1,4,9
manmade,10,watch,5,4,9
tool,11,saw,4,4,9
bodypart,3,eye,2,4,9
insect,8,bee,2,4,9
kitchen,9,glass,3,4,9
bodypart,3,foot,3,4,9
buildpart,5,arch,1,4,9
buildpart,5,door,4,4,9
animal,2,cow,3,4,9
building,4,house,4,4,9
insect,8,fly,5,4,9
animal,2,bear,1,4,9
vegetable,12,celery,2,4,9
vegetable,12,carrot,1,4,9
vehicle,13,truck,5,4,9
animal,2,cat,2,4,9
buildpart,5,chimney,2,4,9
furniture,7,desk,3,4,9
clothing,6,skirt,5,4,9
vehicle,13,train,4,4,9
animal,2,dog,4,4,9
tool,11,chisel,1,4,9
bodypart,3,leg,5,4,9
tool,11,pliers,3,4,9
clothing,6,shirt,4,4,9
clothing,6,coat,1,5,9
animal,2,cat,2,5,9
bodypart,3,leg,5,5,9
animal,2,dog,4,5,9
bodypart,3,arm,1,5,9
clothing,6,skirt,5,5,9
building,4,church,3,5,9
vegetable,12,corn,3,5,9
furniture,7,table,5,5,9
animal,2,bear,1,5,9
tool,11,hammer,2,5,9
manmade,10,refrigerator,3,5,9
vegetable,12,lettuce,4,5,9
furniture,7,bed,1,5,9
bodypart,3,hand,4,5,9
vegetable,12,carrot,1,5,9
manmade,10,watch,5,5,9
buildpart,5,closet,3,5,9
vehicle,13,car,3,5,9
manmade,10,bell,1,5,9
building,4,igloo,5,5,9
vegetable,12,tomato,5,5,9
buildpart,5,door,4,5,9
tool,11,screwdriver,5,5,9
bodypart,3,foot,3,5,9
kitchen,9,glass,3,5,9
bodypart,3,eye,2,5,9
insect,8,ant,1,5,9
furniture,7,desk,3,5,9
furniture,7,dresser,4,5,9
animal,2,horse,5,5,9
insect,8,butterfly,4,5,9
animal,2,cow,3,5,9
kitchen,9,knife,4,5,9
vehicle,13,train,4,5,9
manmade,10,key,2,5,9
tool,11,chisel,1,5,9
kitchen,9,spoon,5,5,9
furniture,7,chair,2,5,9
buildpart,5,arch,1,5,9
vegetable,12,celery,2,5,9
vehicle,13,truck,5,5,9
building,4,house,4,5,9
kitchen,9,bottle,1,5,9
vehicle,13,bicycle,2,5,9
buildpart,5,chimney,2,5,9
insect,8,bee,2,5,9
vehicle,13,airplane,1,5,9
building,4,apartment,1,5,9
clothing,6,dress,2,5,9
tool,11,pliers,3,5,9
buildpart,5,window,5,5,9
kitchen,9,cup,2,5,9
clothing,6,pants,3,5,9
insect,8,beetle,3,5,9
manmade,10,telephone,4,5,9
building,4,barn,2,5,9
clothing,6,shirt,4,5,9
insect,8,fly,5,5,9
tool,11,saw,4,5,9
insect,8,beetle,3,6,9
kitchen,9,bottle,1,6,9
animal,2,horse,5,6,9
buildpart,5,window,5,6,9
clothing,6,shirt,4,6,9
kitchen,9,cup,2,6,9
vegetable,12,lettuce,4,6,9
kitchen,9,knife,4,6,9
insect,8,fly,5,6,9
clothing,6,pants,3,6,9
animal,2,cat,2,6,9
furniture,7,dresser,4,6,9
building,4,barn,2,6,9
building,4,church,3,6,9
furniture,7,table,5,6,9
bodypart,3,foot,3,6,9
furniture,7,desk,3,6,9
manmade,10,key,2,6,9
buildpart,5,door,4,6,9
vehicle,13,train,4,6,9
insect,8,bee,2,6,9
manmade,10,refrigerator,3,6,9
vehicle,13,truck,5,6,9
tool,11,hammer,2,6,9
vegetable,12,tomato,5,6,9
clothing,6,dress,2,6,9
insect,8,butterfly,4,6,9
animal,2,bear,1,6,9
vehicle,13,car,3,6,9
vegetable,12,celery,2,6,9
clothing,6,coat,1,6,9
kitchen,9,glass,3,6,9
vegetable,12,corn,3,6,9
furniture,7,chair,2,6,9
furniture,7,bed,1,6,9
clothing,6,skirt,5,6,9
insect,8,ant,1,6,9
vegetable,12,carrot,1,6,9
buildpart,5,chimney,2,6,9
tool,11,chisel,1,6,9
building,4,apartment,1,6,9
bodypart,3,leg,5,6,9
manmade,10,bell,1,6,9
bodypart,3,hand,4,6,9
tool,11,pliers,3,6,9
bodypart,3,eye,2,6,9
animal,2,dog,4,6,9
bodypart,3,arm,1,6,9
building,4,igloo,5,6,9
kitchen,9,spoon,5,6,9
manmade,10,telephone,4,6,9
tool,11,screwdriver,5,6,9
vehicle,13,airplane,1,6,9
manmade,10,watch,5,6,9
buildpart,5,arch,1,6,9
buildpart,5,closet,3,6,9
building,4,house,4,6,9
animal,2,cow,3,6,9
tool,11,saw,4,6,9
vehicle,13,bicycle,2,6,9
